Date,price,log_return
2015-01-05,93.27645874023438,-0.014777159411639897
2015-01-06,92.02578735351562,-0.013498923025136991
2015-01-07,93.21209716796875,0.012808676114193274
2015-01-08,94.99613952636719,0.01895874300219659
2015-01-09,94.37079620361328,-0.0066045911710739605
2015-01-12,93.38682556152344,-0.010481381698614959
2015-01-13,93.35919189453125,-0.0002959491995633562
2015-01-14,92.84425354003906,-0.005530935971750428
2015-01-15,91.6395263671875,-0.013060707004301854
2015-01-16,92.71548461914062,0.011672809577348469
2015-01-20,93.4511947631836,0.007903820130296405
2015-01-21,93.92938232421875,0.005103929196256682
2015-01-22,95.66742706298828,0.01833462738463432
2015-01-23,95.87895965576172,0.0022086835715363893
2015-01-26,95.76859283447266,-0.0011517687761285228
2015-01-27,93.28562927246094,-0.02626872134947984
2015-01-28,92.80745697021484,-0.0051390770531271465
2015-01-29,93.699462890625,0.009565465157764798
2015-01-30,92.97298431396484,-0.007783497299283722
2015-02-02,93.7822265625,0.008666396077214342
2015-02-03,94.6834487915039,0.009563853966134446
2015-02-04,94.60069274902344,-0.0008744107887733903
2015-02-05,95.41915130615234,0.00861450679172769
2015-02-06,94.83979797363281,-0.006090174737190059
2015-02-09,94.53630828857422,-0.003205155611884525
2015-02-10,96.00768280029297,0.015444242033352196
2015-02-11,96.35714721679688,0.003633354401846121
2015-02-12,97.4791030883789,0.011576455896508098
2015-02-13,98.31593322753906,0.00854807405200917
2015-02-17,98.40787506103516,0.0009347301782152799
2015-02-18,98.54582977294922,0.0014008848890803634
2015-02-19,99.0332260131836,0.004933693269772345
2015-02-20,99.69536590576172,0.006663785381189838
2015-02-23,99.7965087890625,0.001014005127996564
2015-02-24,99.87007904052734,0.0007369310568586283
2015-02-25,99.62179565429688,-0.0024891591680660775
2015-02-26,100.12755584716797,0.00506395910539967
2015-02-27,99.68614959716797,-0.004418185099487975
2015-03-02,100.58736419677734,0.00899989884423964
2015-03-03,100.11837005615234,-0.004673458842492032
2015-03-04,99.73213195800781,-0.0038652750443907338
2015-03-05,99.90685272216797,0.0017503676353493303
2015-03-06,98.77574157714844,-0.011386235108832575
2015-03-09,99.06082153320312,0.002881976404062919
2015-03-10,97.22161102294922,-0.018740998034109436
2015-03-11,96.66063690185547,-0.005786766891005964
2015-03-12,97.29515075683594,0.006542894401227511
2015-03-13,96.87213134765625,-0.004357274550852949
2015-03-16,98.1228256225586,0.01282814125659412
2015-03-17,98.27916717529297,0.0015920570207027663
2015-03-18,99.24476623535156,0.009777111414580415
2015-03-19,99.39189147949219,0.0014813506503531903
2015-03-20,100.03524017333984,0.006451989960443775
2015-03-23,99.8416748046875,-0.0019368462754686402
2015-03-24,99.48222351074219,-0.0036067093473372467
2015-03-25,97.20558166503906,-0.02315083566467046
2015-03-26,96.87371826171875,-0.003419877615898267
2015-03-27,97.26081848144531,0.003987963597334023
2015-03-30,98.37615966796875,0.01140227457010815
2015-03-31,97.33457946777344,-0.010644178637336282
2015-04-01,96.82765197753906,-0.005221701855106331
2015-04-02,96.89213562011719,0.0006657414377690974
2015-04-06,97.68486022949219,0.008148229361834104
2015-04-07,97.51890563964844,-0.0017003220105655478
2015-04-08,98.29317474365234,0.00790832861612782
2015-04-09,98.91072845458984,0.006263118727719091
2015-04-10,99.31632995605469,0.004092297699053624
2015-04-13,99.06744384765625,-0.002509139071246223
2015-04-14,98.78167724609375,-0.0028887345943665703
2015-04-15,99.39922332763672,0.006232165446204333
2015-04-16,99.26099395751953,-0.0013916162411786298
2015-04-17,97.71247863769531,-0.01572340886320654
2015-04-20,99.17802429199219,0.014887185512636868
2015-04-21,99.6020278930664,0.004266064320446481
2015-04-22,100.1458740234375,0.005445338539060036
2015-04-23,100.52376556396484,0.003766309522519276
2015-04-24,101.8879165649414,0.013479179074569025
2015-04-27,101.62980651855469,-0.0025364885265147003
2015-04-28,101.42705535888672,-0.0019969896626370566
2015-04-29,100.79106903076172,-0.00629012287575463
2015-04-30,99.20568084716797,-0.01585447157100405
2015-05-01,100.51456451416016,0.013107358282397032
2015-05-04,100.68048095703125,0.0016493098037610387
2015-05-05,99.03976440429688,-0.01643051720182343
2015-05-06,98.35770416259766,-0.006910554233624071
2015-05-07,98.94761657714844,0.00597970870856802
2015-05-08,100.18272399902344,0.012405173991199689
2015-05-11,99.79560852050781,-0.003871579057408132
2015-05-12,99.34394836425781,-0.004536124693435873
2015-05-13,99.54672241210938,0.0020390510758163173
2015-05-14,101.00306701660156,0.014523776950087856
2015-05-15,101.00306701660156,0.0
2015-05-18,101.44547271728516,0.00437055664113351
2015-05-19,101.33486938476562,-0.0010908684968287793
2015-05-20,101.3994369506836,0.0006369673615495402
2015-05-21,101.92481994628906,0.005167943785310011
2015-05-22,101.82343292236328,-0.0009952186668265993
2015-05-26,100.65278625488281,-0.011563429191054693
2015-05-27,102.27505493164062,0.015988966598262273
2015-05-28,102.04460906982422,-0.0022557394136152073
2015-05-29,101.43630981445312,-0.005978949484017048
2015-06-01,101.77729797363281,0.0033559610788081702
2015-06-02,101.45469665527344,-0.003174712622402244
2015-06-03,101.75887298583984,0.0029936638411812385
2015-06-04,100.98461151123047,-0.007637880354557068
2015-06-05,100.7449951171875,-0.0023756206214726044
2015-06-08,99.72186279296875,-0.010207584621455422
2015-06-09,99.55593872070312,-0.0016652543268601426
2015-06-10,100.92007446289062,0.0136091772249887
2015-06-11,101.06759643554688,0.0014607030045956334
2015-06-12,100.23802947998047,-0.008241912244305242
2015-06-15,99.74029541015625,-0.004977890457807683
2015-06-16,100.28409576416016,0.0054373538206062355
2015-06-17,100.56062316894531,0.00275364551267538
2015-06-18,102.02618408203125,0.014468725778207878
2015-06-19,101.52177429199219,-0.004956186508435202
2015-06-22,102.27008056640625,0.007343862080142292
2015-06-23,102.3532485961914,0.0008128890748208045
2015-06-24,101.82662200927734,-0.005158468884691055
2015-06-25,101.62340545654297,-0.0019977055088087575
2015-06-26,100.94898223876953,-0.006658614407205122
2015-06-29,98.5654525756836,-0.02389444221878181
2015-06-30,98.91651916503906,0.0035554329955621877
2015-07-01,99.70179748535156,0.007907452095678405
2015-07-02,99.72948455810547,0.00027766028125658746
2015-07-06,99.49852752685547,-0.0023185206968923786
2015-07-07,99.74797058105469,0.0025038651809518517
2015-07-08,98.01116180419922,-0.01756534236479019
2015-07-09,97.95571899414062,-0.0005658385877450921
2015-07-10,99.45233917236328,0.015162996554599661
2015-07-13,101.19842529296875,0.017404670273152647
2015-07-14,101.86355590820312,0.006551034221470205
2015-07-15,101.97445678710938,0.0010881276596279414
2015-07-16,103.41565704345703,0.014034014427644792
2015-07-17,104.93998718261719,0.014632263423565585
2015-07-20,105.30032348632812,0.00342785506166107
2015-07-21,105.23563385009766,-0.0006145234199864149
2015-07-22,104.04388427734375,-0.01138919341538422
2015-07-23,103.65584564208984,-0.003736539155620214
2015-07-24,102.63964080810547,-0.009852014419182605
2015-07-27,101.78968048095703,-0.008315492312905992
2015-07-28,102.66734313964844,0.008585354849274017
2015-07-29,103.05536651611328,0.003772299492389092
2015-07-30,103.54498291015625,0.004739752977335407
2015-07-31,103.42489624023438,-0.0011604266658554793
2015-08-03,103.1015396118164,-0.0031313850094647796
2015-08-04,102.90750885009766,-0.001883711618900271
2015-08-05,103.7020492553711,0.007691263940973492
2015-08-06,102.03912353515625,-0.016165572610247217
2015-08-07,101.90980529785156,-0.0012681435041146014
2015-08-10,103.07382202148438,0.011357289856242653
2015-08-11,101.75273132324219,-0.012899782730572804
2015-08-12,102.10376739501953,0.003443956125504447
2015-08-13,101.9375,-0.0016297431783643184
2015-08-14,102.09456634521484,0.0015396244233050358
2015-08-17,102.94449615478516,0.008290465897608835
2015-08-18,102.41790008544922,-0.0051284678514790264
2015-08-19,101.74348449707031,-0.006606715005081966
2015-08-20,98.92575073242188,-0.028085211697946227
2015-08-21,94.60214233398438,-0.044689454109607535
2015-08-24,90.9621810913086,-0.03923629430684082
2015-08-25,90.62034606933594,-0.0037650695926717674
2015-08-26,95.18414306640625,0.0491346053568997
2015-08-27,97.59539031982422,0.02501689847857088
2015-08-28,97.57694244384766,-0.0001890419176763176
2015-08-31,96.36668395996094,-0.012480680249067974
2015-09-01,93.35494995117188,-0.03175164550307962
2015-09-02,95.98792266845703,0.027813483712583943
2015-09-03,95.51676177978516,-0.004920629912507039
2015-09-04,94.38040924072266,-0.011968225719591169
2015-09-08,97.04109191894531,0.027800994444074488
2015-09-09,95.9509506225586,-0.011297386945632367
2015-09-10,96.99488830566406,0.010821149351954964
2015-09-11,97.5307388305664,0.005509319138682625
2015-09-14,97.23511505126953,-0.0030356861886092555
2015-09-15,98.38068389892578,0.011712570763172475
2015-09-16,98.93497467041016,0.00561832987353753
2015-09-17,98.971923828125,0.0003733993956197202
2015-09-18,97.56427764892578,-0.01432479349100213
2015-09-21,97.86988067626953,0.003127429504134243
2015-09-22,96.40664672851562,-0.015063699525059409
2015-09-23,96.48076629638672,0.0007685267831307796
2015-09-24,96.12882995605469,-0.0036544049605606276
2015-09-25,95.31385040283203,-0.008514135665870608
2015-09-28,92.60041809082031,-0.02888147820062518
2015-09-29,92.11880493164062,-0.005214554745493238
2015-09-30,94.23957824707031,0.022761142670177977
2015-10-01,94.66559600830078,0.004510395071386385
2015-10-02,96.32330322265625,0.01735963556995872
2015-10-05,97.70317840576172,0.014223815592474098
2015-10-06,97.24015045166016,-0.004750394153507
2015-10-07,97.82359313964844,0.005982089927524489
2015-10-08,98.21255493164062,0.0039682712218098454
2015-10-09,98.65707397460938,0.004515879883225421
2015-10-12,98.89785766601562,0.0024376390772567758
2015-10-13,98.25885009765625,-0.006482252753926303
2015-10-14,98.10142517089844,-0.0016034298207274888
2015-10-15,99.71279907226562,0.01629215037676654
2015-10-16,100.12957763671875,0.004171078983071358
2015-10-19,100.7037353515625,0.005717769333574732
2015-10-20,100.1851577758789,-0.005162841205376985
2015-10-21,99.57390594482422,-0.006119909930006382
2015-10-22,101.60208129882812,0.02016387839946069
2015-10-23,104.44517517089844,0.02759827406122024
2015-10-26,104.50999450683594,0.0006204138248087052
2015-10-27,104.72299194335938,0.002035984035921601
2015-10-28,105.59351348876953,0.008278252008608362
2015-10-29,105.42681884765625,-0.0015798920790327014
2015-10-30,104.95450592041016,-0.004490072693304678
2015-11-02,106.13993835449219,0.011231417287802614
2015-11-03,106.51036071777344,0.003483867547413399
2015-11-04,106.51963806152344,8.709894201772915e-05
2015-11-05,106.23252868652344,-0.0026990047027852194
2015-11-06,106.30662536621094,0.0006972520712208241
2015-11-09,105.17679595947266,-0.010684905216276797
2015-11-10,104.90821838378906,-0.002556847977390097
2015-11-11,104.778564453125,-0.0012366439642320464
2015-11-12,103.75988006591797,-0.009769829177462226
2015-11-13,101.72245788574219,-0.019831280616256212
2015-11-16,103.18567657470703,0.014281947022571202
2015-11-17,103.25051879882812,0.000628205980411866
2015-11-18,105.23234558105469,0.019012464031178903
2015-11-19,105.30644226074219,0.0007038767868502872
2015-11-20,106.01954650878906,0.00674888080606516
2015-11-23,105.71393585205078,-0.0028867505088016224
2015-11-24,105.62133026123047,-0.00087638564495748
2015-11-25,105.71393585205078,0.0008763856449574221
2015-11-27,105.86209106445312,0.0014004917171121243
2015-11-30,105.59351348876953,-0.0025402752571027525
2015-12-01,106.6492691040039,0.009948647583289704
2015-12-02,105.99175262451172,-0.00618430601716398
2015-12-03,104.19512939453125,-0.017095900283934214
2015-12-04,106.6307373046875,0.023106427242525474
2015-12-07,106.14918518066406,-0.0045263006071648015
2015-12-08,106.15843963623047,8.717968165539585e-05
2015-12-09,104.54703521728516,-0.015295623774703608
2015-12-10,105.01935577392578,0.004507605958607346
2015-12-11,102.60225677490234,-0.02328474552140677
2015-12-14,103.38017272949219,0.007553262236152141
2015-12-15,104.00988006591797,0.006072704675261024
2015-12-16,105.55650329589844,0.014760490547857065
2015-12-17,104.0191650390625,-0.014671224424984466
2015-12-18,102.02383422851562,-0.019368706490837283
2015-12-21,103.15711975097656,0.011046805516858224
2015-12-22,103.83524322509766,0.006552182799580853
2015-12-23,104.60625457763672,0.007397901829053648
2015-12-24,104.58766174316406,-0.00017775693336231113
2015-12-28,104.53192138671875,-0.0005330955325285578
2015-12-29,106.17616271972656,0.015607134539396461
2015-12-30,105.2193374633789,-0.009052527510660347
2015-12-31,103.9095687866211,-0.012526109621079732
2016-01-04,101.71727752685547,-0.021323814170511733
2016-01-05,101.54080200195312,-0.0017364679392389956
2016-01-06,100.5654296875,-0.009652150542358654
2016-01-07,97.41636657714844,-0.03181432612488189
2016-01-08,96.61748504638672,-0.00823450174513408
2016-01-11,96.91474151611328,0.0030719090950849792
2016-01-12,98.03878784179688,0.011531556113539674
2016-01-13,94.65745544433594,-0.03509855155407185
2016-01-14,96.67323303222656,0.021071916810352937
2016-01-15,93.67280578613281,-0.03152863920645242
2016-01-19,93.87718200683594,0.002179432843540567
2016-01-20,93.58918762207031,-0.00307249360934942
2016-01-21,93.68209075927734,0.0009921771841500922
2016-01-22,96.39454650878906,0.028542591393795103
2016-01-25,94.96401977539062,-0.014951547876363732
2016-01-26,95.818603515625,0.008958776655893032
2016-01-27,93.43128204345703,-0.02523064263163435
2016-01-28,94.75032806396484,0.014019091694479494
2016-01-29,96.72896575927734,0.020667593727407393
2016-02-01,96.98908233642578,0.0026855188356040434
2016-02-02,94.88970184326172,-0.02188323508557575
2016-02-03,94.43451690673828,-0.004808532332453801
2016-02-04,94.42520904541016,-9.856904418070116e-05
2016-02-05,91.1461181640625,-0.035344169594917124
2016-02-08,89.75273132324219,-0.01540545340267055
2016-02-09,89.47402954101562,-0.003110049029794745
2016-02-10,89.81775665283203,0.0038342808695023137
2016-02-11,89.68775177001953,-0.0014484781741227078
2016-02-12,91.05323028564453,0.015110070553382697
2016-02-16,93.10615539550781,0.022296014358265143
2016-02-17,95.21479034423828,0.022394992435389133
2016-02-18,94.12796783447266,-0.011480074087989192
2016-02-19,94.40665435791016,0.0029563453457292195
2016-02-22,95.93936920166016,0.016104859380302247
2016-02-23,94.36019897460938,-0.016597057914298007
2016-02-24,95.26128387451172,0.009504109651785018
2016-02-25,96.19947052001953,0.009800380842191444
2016-02-26,96.07872009277344,-0.0012559972895022724
2016-02-29,95.21479034423828,-0.009032565928218559
2016-03-01,98.27095794677734,0.031593249948008585
2016-03-02,98.30814361572266,0.00037832779876685656
2016-03-03,98.12236022949219,-0.0018915946147884666
2016-03-04,98.15950775146484,0.00037851201232488933
2016-03-07,97.55570983886719,-0.006170187843752328
2016-03-08,96.74754333496094,-0.008318658088648475
2016-03-09,97.36993408203125,0.006412538305256028
2016-03-10,97.22129821777344,-0.001527673075586728
2016-03-11,98.92123413085938,0.01733411369485092
2016-03-14,99.08843231201172,0.0016887884707195403
2016-03-15,99.05130004882812,-0.0003748088601500307
2016-03-16,99.9337387084961,0.008869455212199123
2016-03-17,99.87802124023438,-0.00055769960406891
2016-03-18,100.03453826904297,0.0015658552036266415
2016-03-21,100.42586517333984,0.0039042862797285765
2016-03-22,100.73326873779297,0.0030563245900632405
2016-03-23,99.90409088134766,-0.008265485338112466
2016-03-24,99.93206024169922,0.0002799229306310813
2016-03-28,99.79231262207031,-0.001399404994304534
2016-03-29,101.39479064941406,0.015930563055590985
2016-03-30,101.88859558105469,0.004858300642011611
2016-03-31,101.73953247070312,-0.0014640721633522704
2016-04-01,102.82025909423828,0.010566462455996193
2016-04-04,102.42896270751953,-0.0038128949512668065
2016-04-05,101.44136810302734,-0.009688534136601293
2016-04-06,103.10909271240234,0.01630660285287739
2016-04-07,101.62771606445312,-0.014471286418596857
2016-04-08,101.55316925048828,-0.0007337975439404206
2016-04-11,101.1805191040039,-0.003676256957607584
2016-04-12,102.02835083007812,0.008344484627241473
2016-04-13,103.33268737792969,0.01270303363220985
2016-04-14,103.34197998046875,8.992493046299681e-05
2016-04-15,103.0811538696289,-0.002527102895721148
2016-04-18,103.63082122802734,0.005318208136454503
2016-04-19,102.99728393554688,-0.006132169457258527
2016-04-20,103.0811538696289,0.000813961320804113
2016-04-21,103.0904312133789,8.99963372986538e-05
2016-04-22,101.5345687866211,-0.015207256305806736
2016-04-25,101.5345687866211,0.0
2016-04-26,101.04074096679688,-0.004875508260502626
2016-04-27,100.23017883300781,-0.008054482154408286
2016-04-28,99.0190200805664,-0.012157375554100392
2016-04-29,98.49728393554688,-0.005282980167981273
2016-05-02,99.42894744873047,0.009414319544440641
2016-05-03,98.50657653808594,-0.009319980250544493
2016-05-04,97.873046875,-0.006452114021625403
2016-05-05,97.84507751464844,-0.0002858126770750766
2016-05-06,98.36681365966797,0.005318101482538674
2016-05-09,98.64632415771484,0.0028374827047460615
2016-05-10,99.99727630615234,0.013601978356743191
2016-05-11,99.09355163574219,-0.009078578725808714
2016-05-12,98.6556396484375,-0.004428970862463338
2016-05-13,98.29228210449219,-0.003689888707420846
2016-05-16,99.52210998535156,0.012434320004426229
2016-05-17,98.27366638183594,-0.012623729440345868
2016-05-18,98.627685546875,0.0035959077278362567
2016-05-19,98.11527252197266,-0.005208971020423976
2016-05-20,99.1960220336914,0.010954875365479146
2016-05-23,99.06560516357422,-0.001315603939818702
2016-05-24,101.05006408691406,0.019833768979222566
2016-05-25,101.77677154541016,0.007165822667109275
2016-05-26,102.07489776611328,0.002924934922094978
2016-05-27,102.60598754882812,0.005189453561040305
2016-05-31,102.80165100097656,0.0019051240032729874
2016-06-01,102.81094360351562,9.038942933684231e-05
2016-06-02,103.0252456665039,0.0020822591127366446
2016-06-03,102.5407485961914,-0.004713794897560168
2016-06-06,102.91342163085938,0.0036278012072800425
2016-06-07,102.6525650024414,-0.002537937065442451
2016-06-08,102.8295669555664,0.0017227969674763908
2016-06-09,102.66187286376953,-0.0016321276367538284
2016-06-10,101.49726867675781,-0.011408911798776795
2016-06-13,100.64946746826172,-0.008388027385737582
2016-06-14,100.64946746826172,0.0
2016-06-15,100.3606185913086,-0.0028739759425355153
2016-06-16,100.65875244140625,0.0029662222815600024
2016-06-17,99.4789047241211,-0.011790498620718851
2016-06-20,100.10481262207031,0.006272154444270701
2016-06-21,100.42243194580078,0.0031678447487810883
2016-06-22,100.17953491210938,-0.002421682660471607
2016-06-23,101.60877227783203,0.014165947338100811
2016-06-24,97.42377471923828,-0.04205959824526542
2016-06-27,95.4900131225586,-0.020048607103681376
2016-06-28,97.58256530761719,0.021677175933319283
2016-06-29,99.31074523925781,0.0175549317396702
2016-06-30,100.45980072021484,0.011503879588503558
2016-07-01,100.9642333984375,0.005008674709356096
2016-07-05,100.34769439697266,-0.006125229993546581
2016-07-06,101.16975402832031,0.008158739581131674
2016-07-07,101.46869659423828,0.002950504031877903
2016-07-08,103.0380859375,0.0153483432905951
2016-07-11,103.6266098022461,0.00569546195135849
2016-07-12,104.14974975585938,0.005035616758160006
2016-07-13,103.89751434326172,-0.0024247907058717235
2016-07-14,104.60746002197266,0.006809894339397204
2016-07-15,104.4393310546875,-0.0016085298671191558
2016-07-18,105.13058471679688,0.006596902675262995
2016-07-19,104.7475814819336,-0.0036497713598339404
2016-07-20,105.97132873535156,0.011615103838270696
2016-07-21,105.72844696044922,-0.0022945879906687084
2016-07-22,106.16751861572266,0.0041442250444559
2016-07-25,106.17688751220703,8.824246102173323e-05
2016-07-26,106.2983169555664,0.001142998844346285
2016-07-27,107.03627014160156,0.006918298054268346
2016-07-28,107.40994262695312,0.0034850031504185127
2016-07-29,107.64346313476562,0.002171745188300568
2016-08-01,108.21333312988281,0.00528008688115081
2016-08-02,107.39124298095703,-0.007625943268981588
2016-08-03,107.74623107910156,0.003300107727565094
2016-08-04,108.05452728271484,0.0028572319735294506
2016-08-05,109.09144592285156,0.009550501963665397
2016-08-08,108.97000885009766,-0.00111378772038492
2016-08-09,109.22222137451172,0.00231183884490886
2016-08-10,108.94197845458984,-0.002569102302593041
2016-08-11,109.40907287597656,0.004278386854910625
2016-08-12,109.48380279541016,0.0006827990368139656
2016-08-15,109.95086669921875,0.004256980997797679
2016-08-16,109.3436508178711,-0.005537917136187032
2016-08-17,109.53984832763672,0.0017927122243276076
2016-08-18,109.56787109375,0.00025578985843186745
2016-08-19,109.53984832763672,-0.0002557898584319112
2016-08-22,109.62389373779297,0.0007669645853283491
2016-08-23,109.82010650634766,0.001788272366760925
2016-08-24,109.11012268066406,-0.006485959634405908
2016-08-25,108.93264770507812,-0.0016278917614633358
2016-08-26,109.09144592285156,0.0014567036441859398
2016-08-29,109.24091339111328,0.0013691739701905542
2016-08-30,108.88593292236328,-0.003254810566712422
2016-08-31,108.77384185791016,-0.0010299659133196195
2016-09-01,109.05406951904297,0.002572928454877453
2016-09-02,109.40907287597656,0.003250009731805552
2016-09-06,110.09100341796875,0.006213507963043419
2016-09-07,110.15640258789062,0.0005938700757477244
2016-09-08,109.5118179321289,-0.005868727886977525
2016-09-09,106.75601959228516,-0.025486429611562056
2016-09-12,108.67108154296875,0.017779679427167915
2016-09-13,107.6995620727539,-0.00898020159211485
2016-09-14,108.21333312988281,0.004759067552075563
2016-09-15,109.89482116699219,0.015419151630649568
2016-09-16,109.84237670898438,-0.0004773380156891589
2016-09-19,109.36478424072266,-0.004357460056334336
2016-09-20,109.57081604003906,0.0018821229610218688
2016-09-21,110.64778900146484,0.00978102233671191
2016-09-22,111.52808380126953,0.007924347457039389
2016-09-23,110.81635284423828,-0.006402079572769912
2016-09-26,109.88920593261719,-0.008401712857621733
2016-09-27,110.97555541992188,0.009837316205571123
2016-09-28,111.16287231445312,0.0016864883832988034
2016-09-29,110.357421875,-0.007272055970642119
2016-09-30,111.18158721923828,0.007440397514826271
2016-10-03,111.02241516113281,-0.0014326662312633036
2016-10-04,110.85379028320312,-0.0015199909342014527
2016-10-05,111.24713134765625,0.003542006694944716
2016-10-06,111.1909408569336,-0.0005052236908994664
2016-10-07,110.94746398925781,-0.0021921195062548325
2016-10-10,111.64981079101562,0.006310491745286101
2016-10-11,110.05777740478516,-0.014361806591196874
2016-10-12,109.9641342163086,-0.0008512169850799444
2016-10-13,109.57081604003906,-0.0035831979977486747
2016-10-14,109.701904296875,0.001195664214423417
2016-10-17,109.40220642089844,-0.002735668097721367
2016-10-18,110.37619018554688,0.00886338380834176
2016-10-19,110.3668212890625,-8.488510170635411e-05
2016-10-20,110.23570251464844,-0.0011887333616446836
2016-10-21,110.64778900146484,0.0037312608750193622
2016-10-24,111.97763061523438,0.011947040311710618
2016-10-25,111.62174987792969,-0.0031832023597269236
2016-10-26,110.8631591796875,-0.006819281731571189
2016-10-27,110.357421875,-0.004572252575536892
2016-10-28,109.6644287109375,-0.006299333032651747
2016-10-31,109.56143951416016,-0.0009395716407711711
2016-11-01,108.73729705810547,-0.0075506288720887695
2016-11-02,107.86636352539062,-0.00804176830596766
2016-11-03,106.80813598632812,-0.009858982907224168
2016-11-04,106.43348693847656,-0.0035138490150251576
2016-11-07,108.96207427978516,0.02347962503903983
2016-11-08,109.673828125,0.00651088272099333
2016-11-09,110.17953491210938,0.0046004088544404674
2016-11-10,108.4001693725586,-0.01628151938948531
2016-11-11,108.44698333740234,0.0004317692437828407
2016-11-14,107.3512954711914,-0.010154828740108562
2016-11-15,108.8403091430664,0.013775162269768371
2016-11-16,109.48648071289062,0.005919323569808412
2016-11-17,110.28252410888672,0.007244396252205268
2016-11-18,109.8704833984375,-0.0037432256432164425
2016-11-21,111.01300048828125,0.010345067536149442
2016-11-22,111.35014343261719,0.0030323658564427878
2016-11-23,110.90061950683594,-0.0040452013106596985
2016-11-25,111.25650787353516,0.0032039365590903327
2016-11-28,111.00364685058594,-0.0022753617926456735
2016-11-29,111.38762664794922,0.0034531946590194633
2016-11-30,110.03904724121094,-0.01218097221761465
2016-12-01,108.137939453125,-0.017427648389038566
2016-12-02,108.35333251953125,0.001989855161501431
2016-12-05,109.1961898803711,0.0077486870004120564
2016-12-06,109.45841979980469,0.00239857778931222
2016-12-07,110.84445190429688,0.012583135043785502
2016-12-08,111.04110717773438,0.001772583360024299
2016-12-09,111.91205596923828,0.00781288060247451
2016-12-12,111.4063491821289,-0.004529027969653938
2016-12-13,112.81109619140625,0.012530384394446816
2016-12-14,112.57697296142578,-0.0020775129319661884
2016-12-15,112.75489044189453,0.001579159864521338
2016-12-16,112.33695220947266,-0.0037134949697074137
2016-12-19,112.79716491699219,0.004088348353556389
2016-12-20,113.22923278808594,0.0038231675747718028
2016-12-21,113.14470672607422,-0.0007467826563549224
2016-12-22,112.82535552978516,-0.0028264930824082823
2016-12-23,112.90049743652344,0.0006657802686442423
2016-12-27,113.48284149169922,0.005144772070436853
2016-12-28,112.59991455078125,-0.007810692377337042
2016-12-29,112.44026184082031,-0.0014188820796858731
2016-12-30,111.28495025634766,-0.010328043435387381
2017-01-03,112.28060150146484,0.008907077319063305
2017-01-04,112.89110565185547,0.005422578653997083
2017-01-05,113.52978515625,0.0056415394891359575
2017-01-06,114.52544403076172,0.008731790138300171
2017-01-09,114.90115356445312,0.003275207613083885
2017-01-10,115.15473937988281,0.002204559204184506
2017-01-11,115.46470642089844,0.0026881274178062733
2017-01-12,115.28623962402344,-0.0015468351096166173
2017-01-13,115.68074798583984,0.0034161483384316017
2017-01-17,115.33322143554688,-0.0030087082034358143
2017-01-18,115.56803131103516,0.0020338560630355027
2017-01-19,115.51167297363281,-0.0004877826782258003
2017-01-20,115.7652816772461,0.0021931178196804304
2017-01-23,115.85919189453125,0.0008108834181704929
2017-01-24,116.6388168334961,0.006706533663369739
2017-01-25,117.81289672851562,0.010015620630403408
2017-01-26,117.93498992919922,0.0010357947494706945
2017-01-27,118.16041564941406,0.0019096160568320482
2017-01-30,117.23991394042969,-0.007820774103584414
2017-01-31,117.005126953125,-0.00200462784641238
2017-02-01,117.81289672851562,0.006879991143694073
2017-02-02,117.70953369140625,-0.0008777341806564684
2017-02-03,118.0477066040039,0.0028688251025384137
2017-02-06,118.18860626220703,0.001192870589633468
2017-02-07,118.62066650390625,0.0036490186053213876
2017-02-08,118.81788635253906,0.0016612289084105179
2017-02-09,119.24998474121094,0.0036300476933362313
2017-02-10,119.64447784423828,0.003302658900817372
2017-02-13,120.32071685791016,0.005636157398933686
2017-02-14,120.7246322631836,0.003351367572945558
2017-02-15,121.43846130371094,0.0058954574582250445
2017-02-16,121.4009017944336,-0.00030933625502608516
2017-02-17,121.92691040039062,0.0043234632372920155
2017-02-21,122.52800750732422,0.0049178664398293465
2017-02-22,122.57503509521484,0.000383737288353264
2017-02-23,122.11476135253906,-0.0037621044459444112
2017-02-24,122.34953308105469,0.0019207042176393873
2017-02-27,122.49981689453125,0.0012275616199392304
2017-02-28,122.12417602539062,-0.0030711718823123926
2017-03-01,123.4579086303711,0.010861913805877513
2017-03-02,122.8379898071289,-0.005033946048375007
2017-03-03,123.06341552734375,0.0018334647828250187
2017-03-06,122.79108428955078,-0.002215386331166003
2017-03-07,122.5843734741211,-0.0016848536215751506
2017-03-08,122.80043029785156,0.0017609638106507552
2017-03-09,122.89435577392578,0.0007645704017688273
2017-03-10,123.41096496582031,0.0041948744583011595
2017-03-13,123.61758422851562,0.0016728375044305769
2017-03-14,123.3170394897461,-0.0024342061283020603
2017-03-15,124.07785034179688,0.0061505979449644425
2017-03-16,123.99333953857422,-0.0006813431784059656
2017-03-17,123.94999694824219,-0.00034961690350430525
2017-03-20,124.06293487548828,0.0009107423086530044
2017-03-21,122.18051147460938,-0.015289422717702126
2017-03-22,123.0088119506836,0.006756441230465138
2017-03-23,122.69816589355469,-0.0025285909693822236
2017-03-24,122.95232391357422,0.002069266060964891
2017-03-27,123.14997100830078,0.001606219375422364
2017-03-28,123.90291595458984,0.0060954339518689326
2017-03-29,124.47710418701172,0.004623473779728388
2017-03-30,124.6841812133789,0.0016621930145521763
2017-03-31,124.59942626953125,-0.0006799881305411316
2017-04-03,124.52417755126953,-0.0006041075144715425
2017-04-04,124.7218246459961,0.0015859603316574582
2017-04-05,124.21353912353516,-0.00408368036690546
2017-04-06,124.27942657470703,0.000530296320708991
2017-04-07,124.21353912353516,-0.0005302963207089634
2017-04-10,124.26061248779297,0.0003788994912807761
2017-04-11,123.72409057617188,-0.004327063259317735
2017-04-12,123.22526550292969,-0.004039903238446487
2017-04-13,122.73583221435547,-0.003979767037218582
2017-04-17,123.75236511230469,0.008248173113861763
2017-04-18,123.56411743164062,-0.0015223224516417648
2017-04-19,123.76175689697266,0.0015982113310012602
2017-04-20,124.79711151123047,0.008330908561264698
2017-04-21,124.76886749267578,-0.0002263451035113643
2017-04-24,126.27484130859375,0.011997846018642866
2017-04-25,127.18781280517578,0.007204023395216207
2017-04-26,127.00897979736328,-0.0014070440109461273
2017-04-27,127.77136993408203,0.005984703396822393
2017-04-28,127.99728393554688,0.0017665500193061593
2017-05-01,129.13612365722656,0.008858025714229159
2017-05-02,129.3526153564453,0.0016750574950731743
2017-05-03,128.93850708007812,-0.003206526242760356
2017-05-04,128.98556518554688,0.0003648989067017381
2017-05-05,129.4561767578125,0.003641920139471377
2017-05-08,129.73855590820312,0.00217889660954525
2017-05-09,130.1903533935547,0.0034763192871093782
2017-05-10,130.26559448242188,0.0005777644286782266
2017-05-11,130.16209411621094,-0.0007948492129776684
2017-05-12,130.45382690429688,0.0022387957634795327
2017-05-15,130.86793518066406,0.003169338976564815
2017-05-16,131.41392517089844,0.004163389554857702
2017-05-17,128.07257080078125,-0.025755013220944784
2017-05-18,129.19264221191406,0.00870757826268779
2017-05-19,129.73855590820312,0.00421667616054491
2017-05-22,130.83033752441406,0.00838003332641871
2017-05-23,130.9620819091797,0.0010064798375148233
2017-05-24,131.5645294189453,0.004589619042762385
2017-05-25,132.68458557128906,0.008477325345953201
2017-05-26,132.9198760986328,0.0017717367201852872
2017-05-30,133.03280639648438,0.0008492511042148488
2017-05-31,132.98577880859375,-0.00035356618669535864
2017-06-01,133.50344848632812,0.0038851126113836633
2017-06-02,135.02821350097656,0.011356436634471497
2017-06-05,135.0,-0.0002089670609854553
2017-06-06,134.4635009765625,-0.003981984427545621
2017-06-07,134.9905548095703,0.003912017606371471
2017-06-08,135.13172912597656,0.0010452623693464479
2017-06-09,131.75277709960938,-0.025322808232369643
2017-06-12,131.04684448242188,-0.005372415004802604
2017-06-13,132.1104278564453,0.008083296773431099
2017-06-14,131.53628540039062,-0.004355399364261109
2017-06-15,130.95272827148438,-0.004446342969950894
2017-06-16,130.38455200195312,-0.0043482289564660504
2017-06-19,132.56471252441406,0.016582746378058136
2017-06-20,131.52655029296875,-0.007862188003579596
2017-06-21,132.82901000976562,0.009853927447909807
2017-06-22,132.7911834716797,-0.00028481673660322836
2017-06-23,133.3009033203125,0.003831158440227467
2017-06-26,132.677978515625,-0.004684025583583569
2017-06-27,130.27133178710938,-0.018305535234143012
2017-06-28,132.14947509765625,0.014314226082692333
2017-06-29,129.85601806640625,-0.017507385693355818
2017-06-30,129.90328979492188,0.0003639656220728447
2017-07-03,128.5347137451172,-0.01059123522303183
2017-07-05,129.79940795898438,0.009791229351884667
2017-07-06,128.62908935546875,-0.00905725658082978
2017-07-07,130.01649475097656,0.010728338606572546
2017-07-10,130.8658905029297,0.006511737099575937
2017-07-11,131.23397827148438,0.002808761501996999
2017-07-12,132.7911834716797,0.011796021609921357
2017-07-13,133.0837860107422,0.0022010545615604176
2017-07-14,134.13136291503906,0.007840740132769107
2017-07-17,134.19744873046875,0.0004925733942667
2017-07-18,135.09405517578125,0.006659027451387865
2017-07-19,135.88681030273438,0.005851021157378153
2017-07-20,136.06619262695312,0.001319215807890904
2017-07-21,136.00955200195312,-0.00041635924507349594
2017-07-24,136.63246154785156,0.004569439769307308
2017-07-25,136.2832794189453,-0.002558902012802273
2017-07-26,136.7268524169922,0.0032495012941879276
2017-07-27,135.8679962158203,-0.006301359305727219
2017-07-28,135.7546844482422,-0.000834332198432167
2017-07-31,135.1790313720703,-0.004249407945888927
2017-08-01,135.490478515625,0.0023013104145839566
2017-08-02,135.85848999023438,0.0027124606536816924
2017-08-03,135.3300018310547,-0.003897575628349114
2017-08-04,135.57540893554688,0.0018117554088413212
2017-08-07,136.43423461914062,0.006314691833704766
2017-08-08,136.19834899902344,-0.0017304291060718459
2017-08-09,136.01902770996094,-0.0013174861735044824
2017-08-10,133.10260009765625,-0.021674525452886704
2017-08-11,134.11251831054688,0.007558876365311163
2017-08-14,135.8396453857422,0.012795975536538832
2017-08-15,135.93397521972656,0.0006941794980854954
2017-08-16,136.1699981689453,0.0017348001609283489
2017-08-17,133.3857879638672,-0.020658500886096033
2017-08-18,133.29141235351562,-0.0007077891486722311
2017-08-21,133.12156677246094,-0.0012750550263929017
2017-08-22,135.1507110595703,0.015127787342203998
2017-08-23,134.6693572998047,-0.0035679649282091964
2017-08-24,134.27296447753906,-0.0029477927213784737
2017-08-25,133.98983764648438,-0.002110817705151862
2017-08-28,134.4051055908203,0.0030944567785009024
2017-08-29,134.9336700439453,0.00392490929254371
2017-08-30,136.5191650390625,0.011681683298977567
2017-08-31,137.98207092285156,0.010658747881877987
2017-09-01,137.7932891845703,-0.001369098150725906
2017-09-05,136.5569610595703,-0.009012832996645532
2017-09-06,136.97218322753906,0.003036038357041703
2017-09-07,137.2930908203125,0.0023401266553594526
2017-09-08,136.10391235351562,-0.008699334320257376
2017-09-11,137.6706085205078,0.01144528179124663
2017-09-12,138.0009765625,0.0023968244681437673
2017-09-13,138.18966674804688,0.001366376591487473
2017-09-14,137.37802124023438,-0.005890733131990132
2017-09-15,137.84991455078125,0.0034291124670849864
2017-09-18,137.66925048828125,-0.0013114448018007915
2017-09-19,137.90574645996094,0.0017163823449718092
2017-09-20,137.4801025390625,-0.003091257313296365
2017-09-21,136.6383056640625,-0.006141867864641645
2017-09-22,136.50587463378906,-0.0009696786547371428
2017-09-25,135.06820678710938,-0.01058776499906248
2017-09-26,135.41815185546875,0.0025875261537344303
2017-09-27,136.6383056640625,0.008969917500065162
2017-09-28,136.5910186767578,-0.00034613406076298796
2017-09-29,137.5746612548828,0.007175564781915029
2017-10-02,137.6976776123047,0.0008937793467903034
2017-10-03,137.9908447265625,0.0021268003635194844
2017-10-04,138.12330627441406,0.0009594695348511553
2017-10-05,139.4759063720703,0.009745062235751927
2017-10-06,139.66500854492188,0.0013548870242544723
2017-10-09,139.5042266845703,-0.0011518595736112853
2017-10-10,139.60830688476562,0.0007457938465787459
2017-10-11,140.02442932128906,0.002976209075737407
2017-10-12,139.76901245117188,-0.0018257535948605036
2017-10-13,140.3082275390625,0.0038504789187293934
2017-10-16,140.79061889648438,0.0034321864858740314
2017-10-17,140.97032165527344,0.001275569160175364
2017-10-18,140.800048828125,-0.0012085929942366735
2017-10-19,140.27980041503906,-0.003701788004918301
2017-10-20,140.658203125,0.002693853690330092
2017-10-23,139.74066162109375,-0.00654456842896651
2017-10-24,139.97711181640625,0.0016906344471866084
2017-10-25,139.447509765625,-0.0037906658471502245
2017-10-26,139.0029754638672,-0.0031929172545701167
2017-10-27,143.0512237548828,0.028707435078360863
2017-10-30,143.372802734375,0.0022454758321424338
2017-10-31,143.91192626953125,0.003753239303061669
2017-11-01,143.86460876464844,-0.00032884894735148797
2017-11-02,143.59034729003906,-0.0019082054565680295
2017-11-03,144.9712677001953,0.009571134067662029
2017-11-06,145.46316528320312,0.0033873260018794055
2017-11-07,145.54824829101562,0.0005847400223367069
2017-11-08,146.13473510742188,0.004021404333886824
2017-11-09,145.36851501464844,-0.005257038177690258
2017-11-10,145.35906982421875,-6.497622465545095e-05
2017-11-13,145.53880310058594,0.0012357140836470365
2017-11-14,145.0091094970703,-0.003646174468217205
2017-11-15,144.32810974121094,-0.004707317054923762
2017-11-16,146.17250061035156,0.01269818779325739
2017-11-17,145.6144256591797,-0.003825227119000177
2017-11-20,145.50096130371094,-0.0007795146962032083
2017-11-21,147.08055114746094,0.010797710201099995
2017-11-22,147.26031494140625,0.0012214669249590588
2017-11-24,147.7993927001953,0.003654028961855606
2017-11-27,147.733154296875,-0.00044826470114741576
2017-11-28,148.11154174804688,0.0025580154896144005
2017-11-29,145.52932739257812,-0.017588021228383845
2017-11-30,146.74954223632812,0.008349710223673699
2017-12-01,146.12525939941406,-0.004263144380631142
2017-12-04,144.44158935546875,-0.011588995061661434
2017-12-05,144.5362091064453,0.0006548582961152802
2017-12-06,145.18882751464844,0.0045050957252644915
2017-12-07,145.68069458007812,0.00338204931702175
2017-12-08,146.3238525390625,0.004405130025395009
2017-12-11,147.45887756347656,0.007727007447920459
2017-12-12,147.26031494140625,-0.0013474701150370315
2017-12-13,147.54400634765625,0.0019246087884900443
2017-12-14,147.4399871826172,-0.0007052529739368198
2017-12-15,149.1141357421875,0.011290797972084468
2017-12-18,150.36431884765625,0.008349117264286053
2017-12-19,149.47335815429688,-0.0059429710407275715
2017-12-20,149.3122100830078,-0.0010786872195019314
2017-12-21,149.33114624023438,0.00012681452207783932
2017-12-22,149.16053771972656,-0.0011431376366884238
2017-12-26,148.35494995117188,-0.005415447401776619
2017-12-27,148.3739013671875,0.00012773558052879216
2017-12-28,148.553955078125,0.0012127776434455342
2017-12-29,147.63453674316406,-0.006208352542326275
2018-01-02,150.22216796875,0.017375444541761462
2018-01-03,151.68182373046875,0.009669743862058142
2018-01-04,151.9471893310547,0.0017479598901035353
2018-01-05,153.4732208251953,0.009993072778963196
2018-01-08,154.0703125,0.003882978247472573
2018-01-09,154.0797882080078,6.150059979868575e-05
2018-01-10,153.7196502685547,-0.0023400829161884045
2018-01-11,154.77175903320312,0.006821018752215514
2018-01-12,155.90914916992188,0.007321951159952408
2018-01-16,155.46368408203125,-0.002861299023154491
2018-01-17,157.14129638671875,0.010733216134232653
2018-01-18,157.1697540283203,0.00018107948569895534
2018-01-19,157.66265869140625,0.003131221855802892
2018-01-22,159.34974670410156,0.010643772366331874
2018-01-23,160.66726684570312,0.008234109624540518
2018-01-24,159.62466430664062,-0.006510349591621725
2018-01-25,159.5677947998047,-0.0003563336527240796
2018-01-26,162.01321411132812,0.015209022808956267
2018-01-29,161.22647094726562,-0.004867872071379282
2018-01-30,159.8995361328125,-0.008264309570249083
2018-01-31,160.56297302246094,0.004140502046331239
2018-02-01,159.19815063476562,-0.008536564171980175
2018-02-02,156.02288818359375,-0.020146941114075625
2018-02-05,149.8714599609375,-0.040224722487919744
2018-02-06,153.84286499023438,0.026153731163545777
2018-02-07,151.85244750976562,-0.013022414982903194
2018-02-08,145.445068359375,-0.04311083102813842
2018-02-09,147.95680236816406,0.01712187699174953
2018-02-12,150.58229064941406,0.017589361212679736
2018-02-13,151.3595428466797,0.005148368512347639
2018-02-14,154.19354248046875,0.01855049769947029
2018-02-15,157.0560302734375,0.018394039710290775
2018-02-16,156.35462951660156,-0.004475928982699599
2018-02-20,156.66737365722656,0.0019982253101512785
2018-02-21,156.22195434570312,-0.0028471384131534536
2018-02-22,156.20294189453125,-0.00012170893820656492
2018-02-23,159.3971405029297,0.020242755686631704
2018-02-26,161.51089477539062,0.013173773230147711
2018-02-27,159.51092529296875,-0.012460183283255388
2018-02-28,158.48727416992188,-0.006438116068446772
2018-03-01,155.89962768554688,-0.016461913046334823
2018-03-02,157.33094787597656,0.009139147098374219
2018-03-05,159.07492065429688,0.011023755327161613
2018-03-06,159.74786376953125,0.004221430509098733
2018-03-07,160.11752319335938,0.0023113447310305004
2018-03-08,160.99899291992188,0.005490044244573079
2018-03-09,164.12692260742188,0.019241937032628092
2018-03-12,164.99888610839844,0.005298676177839254
2018-03-13,162.75250244140625,-0.013708066065069791
2018-03-14,162.72409057617188,-0.00017458622780296617
2018-03-15,162.5819091796875,-0.0008741394603525215
2018-03-16,162.09852600097656,-0.002977595712440016
2018-03-19,158.6399688720703,-0.02156704755982417
2018-03-20,159.16213989257812,0.0032861423886470426
2018-03-21,158.46908569335938,-0.004363899032877968
2018-03-22,154.5576171875,-0.024992577752054622
2018-03-23,150.48484802246094,-0.026704552068847313
2018-03-26,156.07659912109375,0.03648450521669203
2018-03-27,151.0259552001953,-0.0328951959589095
2018-03-28,149.28858947753906,-0.011570435970472715
2018-03-29,152.02285766601562,0.018149614105822783
2018-04-02,147.63670349121094,-0.029276339029021336
2018-04-03,149.29811096191406,0.011190501939148837
2018-04-04,151.6525421142578,0.015646945196852457
2018-04-05,152.51649475097656,0.005680755470739527
2018-04-06,148.7000732421875,-0.025341406483827118
2018-04-09,149.744384765625,0.006998392885023305
2018-04-10,153.0481719970703,0.02182298259071063
2018-04-11,152.1652069091797,-0.005785903319713758
2018-04-12,153.99752807617188,0.01196973265934873
2018-04-13,153.1999969482422,-0.005192313444973267
2018-04-16,154.36776733398438,0.007593617620451631
2018-04-17,157.69056701660156,0.021296821171833846
2018-04-18,158.0133819580078,0.0020450491985407565
2018-04-19,156.56080627441406,-0.009235252363895339
2018-04-20,154.08294677734375,-0.015953400163635525
2018-04-23,153.6936798095703,-0.002529543452688447
2018-04-24,150.4374237060547,-0.02141432100096831
2018-04-25,150.61776733398438,0.0011980769963048877
2018-04-26,153.78868103027344,0.020834173589089382
2018-04-27,153.8835906982422,0.0006169530354230915
2018-04-30,152.79183959960938,-0.007119942472293641
2018-05-01,154.5386505126953,0.011367760637872582
2018-05-02,153.62725830078125,-0.005914962317829449
2018-05-03,153.60826110839844,-0.0001236653394995198
2018-05-04,156.52284240722656,0.018796354677939508
2018-05-07,157.82342529296875,0.008274889449584174
2018-05-08,157.66209411621094,-0.001022748626452587
2018-05-09,159.38043212890625,0.010839901251747016
2018-05-10,161.03231811523438,0.01031107919723414
2018-05-11,160.8804473876953,-0.0009435521363635154
2018-05-14,161.15576171875,0.0017098350455240538
2018-05-15,159.37094116210938,-0.011136913014061119
2018-05-16,160.42478942871094,0.006590782681453945
2018-05-17,159.80764770507812,-0.003854340885482133
2018-05-18,158.98175048828125,-0.005181471336622389
2018-05-21,159.87417602539062,0.005597687188350094
2018-05-22,159.66526794433594,-0.001307557578642902
2018-05-23,161.0133514404297,0.008407741308221566
2018-05-24,160.96591186523438,-0.0002946747256425568
2018-05-25,161.1272735595703,0.0010019566705367542
2018-05-29,160.41522216796875,-0.004428979466296523
2018-05-30,161.5640106201172,0.007135822499391815
2018-05-31,161.45956420898438,-0.000646679827179734
2018-06-01,163.99436950683594,0.01557736006109535
2018-06-04,165.47540283203125,0.00899046544071573
2018-06-05,165.9880828857422,0.0030934355344449595
2018-06-06,166.95645141601562,0.005817012511775316
2018-06-07,165.59878540039062,-0.0081651010608202
2018-06-08,165.60830688476562,5.7495655131865414e-05
2018-06-11,166.0545654296875,0.00269103871116582
2018-06-12,166.92791748046875,0.005245645631577095
2018-06-13,166.91845703125,-5.667546478599306e-05
2018-06-14,168.6083526611328,0.010073173709837608
2018-06-15,168.0197296142578,-0.003497174940442024
2018-06-18,167.9226531982422,-0.0005779349298229855
2018-06-19,167.4469451904297,-0.0028369197991952194
2018-06-20,168.63624572753906,0.0070774470941015865
2018-06-21,167.17103576660156,-0.008726548469752703
2018-06-22,166.80006408691406,-0.002221580444686859
2018-06-25,163.04200744628906,-0.022787992140162007
2018-06-26,163.7079620361328,0.004076239168488858
2018-06-27,161.48167419433594,-0.013692457423682287
2018-06-28,162.87074279785156,0.008565233511125134
2018-06-29,163.30836486816406,0.002683325342482442
2018-07-02,164.40245056152344,0.006677166006038676
2018-07-03,162.4996795654297,-0.01164135874017666
2018-07-05,164.51669311523438,0.012336013098252923
2018-07-06,167.07595825195312,0.015436505879475575
2018-07-09,168.57913208007812,0.008956717299835808
2018-07-10,168.7028045654297,0.0007333478461619348
2018-07-11,167.84658813476562,-0.005088217637700589
2018-07-12,170.73878479003906,0.017084417895362018
2018-07-13,170.88156127929688,0.0008358781859081179
2018-07-16,170.47244262695312,-0.002397035590935813
2018-07-17,171.509521484375,0.006065127085049316
2018-07-18,171.18600463867188,-0.00188807216405545
2018-07-19,170.32972717285156,-0.005014581645238108
2018-07-20,170.2917022705078,-0.00022326782295431751
2018-07-23,170.83395385742188,0.0031791923820233686
2018-07-24,171.5380096435547,0.00411281795024518
2018-07-25,173.93556213378906,0.013880025435829708
2018-07-26,171.30018615722656,-0.015267405998371753
2018-07-27,168.9882354736328,-0.01358839214373696
2018-07-30,166.60025024414062,-0.014231868120666583
2018-07-31,167.87509155273438,0.0076229684084966765
2018-08-01,168.5125732421875,0.003790165450799685
2018-08-02,170.8054656982422,0.013514915761069774
2018-08-03,171.32870483398438,0.003058680416864545
2018-08-06,172.33718872070312,0.005868995442427245
2018-08-07,172.96511840820312,0.0036369891929918146
2018-08-08,173.1744384765625,0.0012094549132668974
2018-08-09,173.06980895996094,-0.000604368277948046
2018-08-10,171.74734497070312,-0.007670560808143347
2018-08-13,171.55706787109375,-0.00110850377668245
2018-08-14,172.6321563720703,0.006247098523940113
2018-08-15,170.52003479003906,-0.012310271124160813
2018-08-16,171.08135986328125,0.003286436105071067
2018-08-17,171.119384765625,0.00022223740361226107
2018-08-20,170.96717834472656,-0.0008898708534968475
2018-08-21,171.5950927734375,0.003665991178180441
2018-08-22,172.26107788085938,0.003873630878365108
2018-08-23,172.01373291015625,-0.001436904504819616
2018-08-24,173.61207580566406,0.009249044772405379
2018-08-27,175.38165283203125,0.010141111697568202
2018-08-28,175.63856506347656,0.0014638033037518978
2018-08-29,177.66506958007812,0.011471870326157808
2018-08-30,177.35107421875,-0.0017689079704571093
2018-08-31,177.57943725585938,0.0012868043813542317
2018-09-04,176.8183135986328,-0.004295314096103158
2018-09-05,174.534912109375,-0.012997937515827337
2018-09-06,172.97462463378906,-0.00897988570392509
2018-09-07,172.30865478515625,-0.0038575321433850143
2018-09-10,172.8889923095703,0.003362352414882034
2018-09-11,174.22097778320312,0.007674755129080489
2018-09-12,173.7071990966797,-0.0029533627576664783
2018-09-13,175.56243896484375,0.01062363924458782
2018-09-14,175.0487060546875,-0.002930501697441806
2018-09-17,172.52752685546875,-0.014507455797845872
2018-09-18,173.9545440673828,0.00823722437884921
2018-09-19,173.82139587402344,-0.0007657125440442174
2018-09-20,175.74322509765625,0.0109956698789643
2018-09-21,174.78231811523438,-0.005482678270267579
2018-09-24,175.26844787597656,0.0027774832709350373
2018-09-25,175.5066375732422,0.001358076692190297
2018-09-26,175.63052368164062,0.0007056280405984977
2018-09-27,177.117431640625,0.00843047701973243
2018-09-28,177.07931518554688,-0.0002152275850459137
2018-10-01,177.44146728515625,0.0020430521621661478
2018-10-02,177.0411834716797,-0.0022584122678881973
2018-10-03,177.23178100585938,0.0010759926479268986
2018-10-04,173.82919311523438,-0.019385204819559767
2018-10-05,171.70372009277344,-0.012302734413787526
2018-10-08,170.65533447265625,-0.006124499312455538
2018-10-09,171.20809936523438,0.0032338373723885434
2018-10-10,163.6785125732422,-0.04497555720980997
2018-10-11,161.64833068847656,-0.01248103733992399
2018-10-12,166.1470489501953,0.027450055868603763
2018-10-15,164.1360321044922,-0.012177685223045423
2018-10-16,168.91111755371094,0.028677096876891975
2018-10-17,168.97779846191406,0.0003946913077531174
2018-10-18,165.06051635742188,-0.023455163784425807
2018-10-19,164.90802001953125,-0.0009243084229913598
2018-10-22,165.75631713867188,0.005130876752210038
2018-10-23,165.1463165283203,-0.003686892996763706
2018-10-24,157.58804321289062,-0.04684754118630637
2018-10-25,163.03988647460938,0.034010566563105485
2018-10-26,158.8462371826172,-0.026058200600465594
2018-10-29,155.57701110839844,-0.0207958152599376
2018-10-30,158.14089965820312,0.016345548315122284
2018-10-31,161.8581085205078,0.02323367247604183
2018-11-01,163.99302673339844,0.013103828900882616
2018-11-02,161.4386749267578,-0.015698558267513145
2018-11-05,161.03834533691406,-0.0024828423133484282
2018-11-06,162.25840759277344,0.0075476665742282
2018-11-07,167.34799194335938,0.030885255446723943
2018-11-08,166.280517578125,-0.006399201372205828
2018-11-09,163.47836303710938,-0.01699558165414686
2018-11-12,158.53164672851562,-0.030726408126178644
2018-11-13,158.66513061523438,0.0008416472305692549
2018-11-14,157.45465087890625,-0.007658398641986919
2018-11-15,160.20916748046875,0.017342772340320962
2018-11-16,159.64683532714844,-0.0035161618212278594
2018-11-19,154.4618377685547,-0.03301703530430071
2018-11-20,151.69781494140625,-0.018056578656147602
2018-11-21,152.85110473632812,0.0075737934587837225
2018-11-23,151.74551391601562,-0.007259408725516617
2018-11-26,155.25299072265625,0.022851117372139174
2018-11-27,155.7771759033203,0.0033706420353532655
2018-11-28,160.79055786132812,0.03167600867548832
2018-11-29,160.266357421875,-0.0032654702659143464
2018-11-30,161.42916870117188,0.0072292975759735605
2018-12-03,164.2503662109375,0.01732542439399109
2018-12-04,157.9502716064453,-0.03911164013806417
2018-12-06,159.06541442871094,0.0070352822961319205
2018-12-07,153.81373596191406,-0.033573165485851694
2018-12-10,155.42454528808594,0.010418010918486223
2018-12-11,155.93922424316406,0.0033059686078126846
2018-12-12,157.3116912841797,0.008762788903173141
2018-12-13,157.3593292236328,0.0003027793264227717
2018-12-14,153.52786254882812,-0.024649845853613298
2018-12-17,150.04891967773438,-0.0229206934195443
2018-12-18,150.99256896972656,0.006269251371015576
2018-12-19,147.284912109375,-0.02486173493223312
2018-12-20,145.1499481201172,-0.01460155550269165
2018-12-21,140.65121459960938,-0.031484162531891194
2018-12-24,137.16339111328125,-0.025110319449840334
2018-12-26,145.72772216796875,0.0605671128621872
2018-12-27,146.29165649414062,0.00386231235607864
2018-12-28,146.21517944335938,-0.0005229077965221203
2018-12-31,147.44822692871094,0.008397741802410678
2019-01-02,148.0408477783203,0.004011123895249334
2019-01-03,143.20428466796875,-0.03321605924107077
2019-01-04,149.3312530517578,0.04189483824823826
2019-01-07,151.10906982421875,0.01183487959357122
2019-01-08,152.47593688964844,0.009004899923185155
2019-01-09,153.71859741210938,0.008116848642175612
2019-01-10,154.15823364257812,0.002855924739643184
2019-01-11,153.5942840576172,-0.0036649592368519657
2019-01-14,152.2370147705078,-0.008875992765545218
2019-01-15,155.20968627929688,0.019338403305958946
2019-01-16,155.1809844970703,-0.0001849397228118058
2019-01-17,156.4044647216797,0.007853296845375045
2019-01-18,157.95294189453125,0.009851778036855144
2019-01-22,154.7891082763672,-0.020233553845962465
2019-01-23,154.98983764648438,0.0012959524903336788
2019-01-24,155.99346923828125,0.006454591317256655
2019-01-25,157.85733032226562,0.01187750994164863
2019-01-28,155.9074249267578,-0.012429251314090456
2019-01-29,154.43540954589844,-0.009486453409346847
2019-01-30,158.36392211914062,0.025119741304449696
2019-01-31,160.7344512939453,0.014857943391084543
2019-02-01,160.05580139160156,-0.004231119300636537
2019-02-04,162.04393005371094,0.012344958513481937
2019-02-05,163.4777069091797,0.00880916021894401
2019-02-06,162.9901885986328,-0.0029866255128967087
2019-02-07,160.8013458251953,-0.013520280079174041
2019-02-08,161.1167755126953,0.0019596895455069475
2019-02-11,160.96389770507812,-0.0009493138322826549
2019-02-12,163.34388732910156,0.01467761466690305
2019-02-13,163.45855712890625,0.0007017683402026523
2019-02-14,163.65928649902344,0.0012272604458707609
2019-02-15,164.34747314453125,0.004196179713187889
2019-02-19,164.6725311279297,0.0019759168739670284
2019-02-20,164.64382934570312,-0.00017431130514112232
2019-02-21,164.04161071777344,-0.0036644111871297624
2019-02-22,165.2555694580078,0.0073730618587195835
2019-02-25,165.85772705078125,0.003637173517055891
2019-02-26,166.02976989746094,0.001036754102952266
2019-02-27,165.9246368408203,-0.0006334186745027247
2019-02-28,165.54234313964844,-0.0023066784552856915
2019-03-01,166.68931579589844,0.006904683417076203
2019-03-04,166.7180633544922,0.00017244704504287467
2019-03-05,166.84226989746094,0.0007447321298580348
2019-03-06,165.89598083496094,-0.005687904000401649
2019-03-07,163.8600311279297,-0.012348375790846763
2019-03-08,163.6115264892578,-0.0015177176801670599
2019-03-11,167.0143280029297,0.020584728161081554
2019-03-12,167.93191528320312,0.00547902592813925
2019-03-13,169.193603515625,0.007485011087026551
2019-03-14,168.90689086914062,-0.001696020680083182
2019-03-15,170.4744415283203,0.009237760931016296
2019-03-18,170.88046264648438,0.002378880775835753
2019-03-19,171.45501708984375,0.003356677977253725
2019-03-20,172.1349334716797,0.003957725004579719
2019-03-21,174.82574462890625,0.01551106667751368
2019-03-22,170.9857635498047,-0.022209433920326878
2019-03-25,170.66029357910156,-0.0019053055779309578
2019-03-26,171.45501708984375,0.004645947816164531
2019-03-27,170.35382080078125,-0.006443368203811774
2019-03-28,170.7464141845703,0.0023019248706408492
2019-03-29,172.03915405273438,0.007542592901716262
2019-04-01,174.31825256347656,0.013160575534065739
2019-04-02,174.9789276123047,0.0037828867462555787
2019-04-03,175.98435974121094,0.005729572953422257
2019-04-04,175.91737365722656,-0.00038070903571032794
2019-04-05,176.82705688476562,0.0051577582262158864
2019-04-08,177.27711486816406,0.002541953818330094
2019-04-09,176.65467834472656,-0.003517271841999157
2019-04-10,177.60272216796875,0.005352300813456346
2019-04-11,177.18136596679688,-0.0023752835224022566
2019-04-12,177.94741821289062,0.004314228913020343
2019-04-15,177.97618103027344,0.00016162354789951407
2019-04-16,178.58897399902344,0.003437203907449362
2019-04-17,179.21142578125,0.00347932763934471
2019-04-18,179.4412384033203,0.0012815332296227445
2019-04-22,179.94879150390625,0.002824527091934912
2019-04-23,182.2373809814453,0.012637809565058312
2019-04-24,181.66287231445312,-0.0031575089003266867
2019-04-25,182.40016174316406,0.004050344955089055
2019-04-26,182.56297302246094,0.000892206771523233
2019-04-29,182.91729736328125,0.0019389525538780876
2019-04-30,181.50003051757812,-0.007778301869224711
2019-05-01,180.91592407226562,-0.0032234063852363444
2019-05-02,180.1307373046875,-0.004349509852524801
2019-05-03,183.0034637451172,0.015822174623186608
2019-05-06,181.8831024169922,-0.006140893926001668
2019-05-07,178.3400421142578,-0.019672109452647215
2019-05-08,177.8899383544922,-0.002527041652705818
2019-05-09,176.93240356445312,-0.005397276334530236
2019-05-10,177.1526641845703,0.001244111478225345
2019-05-13,171.00494384765625,-0.035319402869047334
2019-05-14,172.8818359375,0.010915864389477798
2019-05-15,175.3236541748047,0.014025386355562294
2019-05-16,177.0856170654297,0.00999960963726854
2019-05-17,175.27577209472656,-0.01027275372586724
2019-05-20,172.3168182373047,-0.017025825161560416
2019-05-21,174.11708068847656,0.010393201484514133
2019-05-22,173.34146118164062,-0.0044645372133946615
2019-05-23,170.68894958496094,-0.015420521417491848
2019-05-24,170.60281372070312,-0.0005047638141183715
2019-05-28,169.96119689941406,-0.0037679705453253685
2019-05-29,168.56312561035156,-0.008259845126110719
2019-05-30,169.271728515625,0.004194972400111562
2019-05-31,166.57135009765625,-0.016081537994429216
2019-06-03,162.90377807617188,-0.02226403879410009
2019-06-04,167.4906768798828,0.027767981348339764
2019-06-05,168.73550415039062,0.007404735434477641
2019-06-06,170.07611083984375,0.00791362294839545
2019-06-07,173.360595703125,0.01912774576206321
2019-06-10,175.38108825683594,0.011587460026089519
2019-06-11,175.62049865722656,0.0013641558696213777
2019-06-12,174.60549926757812,-0.005796270050676715
2019-06-13,175.6396484375,0.005905304795727045
2019-06-14,174.89271545410156,-0.004261712702364302
2019-06-17,175.94610595703125,0.0060050006104351555
2019-06-18,178.50282287597656,0.014426683534707455
2019-06-19,179.173095703125,0.0037479381582268345
2019-06-20,180.83932495117188,0.009256575884027639
2019-06-21,180.5712432861328,-0.0014835300224567657
2019-06-24,180.57696533203125,3.168807576715203e-05
2019-06-25,177.47715759277344,-0.01731517660537966
2019-06-26,178.30245971679688,0.004639409140910806
2019-06-27,178.98385620117188,0.00381429279624597
2019-06-28,179.21420288085938,0.001286141594571036
2019-07-01,181.63265991210938,0.013404540780157717
2019-07-02,182.35240173339844,0.003954792848484889
2019-07-03,183.7247772216797,0.00749777367375906
2019-07-05,183.35044860839844,-0.0020395206033908776
2019-07-08,182.0645294189453,-0.007038159763631859
2019-07-09,182.97621154785156,0.004994971366813172
2019-07-10,184.7996368408203,0.00991604120858314
2019-07-11,184.6653289794922,-0.0007270397990025663
2019-07-12,185.7305145263672,0.005751622228022396
2019-07-15,186.32553100585938,0.0031985341666644195
2019-07-16,185.36587524414062,-0.005163734635499506
2019-07-17,184.4541473388672,-0.004930667333942379
2019-07-18,184.6653289794922,0.0011442455747554077
2019-07-19,183.3120880126953,-0.007355054983303028
2019-07-22,184.7708740234375,0.007926439411569192
2019-07-23,185.9800567626953,0.006522907570763749
2019-07-24,187.28529357910156,0.00699364211141733
2019-07-25,185.50982666015625,-0.009525233816401404
2019-07-26,187.41961669921875,0.01024218799653852
2019-07-29,186.77662658691406,-0.0034366499219633767
2019-07-30,185.97047424316406,-0.004325472143770889
2019-07-31,183.39842224121094,-0.013926963527794033
2019-08-01,182.48678588867188,-0.00498319264500045
2019-08-02,179.79959106445312,-0.014834916667946774
2019-08-05,173.44644165039062,-0.035973989570154526
2019-08-06,175.87440490722656,0.013901273743227024
2019-08-07,176.82452392578125,0.005387718754897623
2019-08-08,180.6728973388672,0.021530348720717796
2019-08-09,178.97430419921875,-0.00944595571585622
2019-08-12,176.92050170898438,-0.01154175478465772
2019-08-13,180.79771423339844,0.02167831657191287
2019-08-14,175.3946075439453,-0.03034046966142585
2019-08-15,175.19308471679688,-0.001149628773583527
2019-08-16,178.00497436523438,0.01592278884494937
2019-08-19,180.83609008789062,0.01577954558225797
2019-08-20,179.43495178222656,-0.007778284719505123
2019-08-21,181.0280303955078,0.008839126702741089
2019-08-22,180.442626953125,-0.003239012308635902
2019-08-23,174.73239135742188,-0.032157259758153485
2019-08-26,177.37161254882812,0.014991426344404249
2019-08-27,176.99728393554688,-0.002112650157635206
2019-08-28,177.6306915283203,0.0035722408279601596
2019-08-29,180.34664916992188,0.015174199294137065
2019-08-30,179.914794921875,-0.0023974503071533255
2019-09-03,178.16815185546875,-0.009755599559764284
2019-09-04,180.7401123046875,0.014332378119702666
2019-09-05,184.051025390625,0.01815287523665158
2019-09-06,183.8687286376953,-0.0009909593918330658
2019-09-09,183.48486328125,-0.0020898965171755116
2019-09-10,182.95701599121094,-0.002880935204087679
2019-09-11,184.67486572265625,0.009345556356097497
2019-09-12,185.44265747070312,0.004148913797900861
2019-09-13,184.78041076660156,-0.003577558867910554
2019-09-16,183.95509338378906,-0.004476481118447713
2019-09-17,184.8380584716797,0.004788411989566453
2019-09-18,184.76123046875,-0.0004157367523974457
2019-09-19,185.06829833984375,0.001660591801018576
2019-09-20,183.1105499267578,-0.010634868755323103
2019-09-23,183.19134521484375,0.0004411404388991823
2019-09-24,180.75839233398438,-0.013369918269230606
2019-09-25,182.78746032714844,0.011162768316609901
2019-09-26,182.1143035888672,-0.0036895272561873675
2019-09-27,179.8544921875,-0.01248638439678191
2019-09-30,181.56619262695312,0.009472137646603483
2019-10-01,180.08529663085938,-0.008189676067399433
2019-10-02,176.98883056640625,-0.01734398238255727
2019-10-03,178.93128967285156,0.01091524913463105
2019-10-04,181.56619262695312,0.014618409315325495
2019-10-07,181.01806640625,-0.003023444204166776
2019-10-08,178.30621337890625,-0.015094468531281406
2019-10-09,180.0468292236328,0.009714607254779408
2019-10-10,181.4412078857422,0.007714698328455407
2019-10-11,183.77792358398438,0.012796413894505863
2019-10-14,183.75872802734375,-0.00010445519691126708
2019-10-15,186.09548950195312,0.012636289962189604
2019-10-16,185.6339111328125,-0.002483411888207335
2019-10-17,186.1243438720703,0.002638451290129716
2019-10-18,184.33572387695312,-0.009656284436332
2019-10-21,185.970458984375,0.00882915707369632
2019-10-22,184.4895477294922,-0.007995028431762889
2019-10-23,184.8453826904297,0.0019268963844395093
2019-10-24,186.6436004638672,0.009681212094673378
2019-10-25,188.13417053222656,0.007954462847955162
2019-10-28,189.99009704589844,0.009816568660887766
2019-10-29,188.51876831054688,-0.007774381425250554
2019-10-30,189.432373046875,0.004834521798185095
2019-10-31,189.51890563964844,0.0004566950906057513
2019-11-01,191.24021911621094,0.009041544068204945
2019-11-04,192.4230194091797,0.006165845050914773
2019-11-05,192.52880859375,0.0005496229893607815
2019-11-06,192.09605407714844,-0.002250268982656994
2019-11-07,192.74038696289062,0.003348609534409466
2019-11-08,193.50967407226562,0.003983368310763322
2019-11-11,193.25003051757812,-0.0013426610404961377
2019-11-12,193.80776977539062,0.0028819449881673075
2019-11-13,193.8558807373047,0.0002482098184725587
2019-11-14,193.70199584960938,-0.0007941260135783166
2019-11-15,195.125244140625,0.007320755857776203
2019-11-18,195.2791290283203,0.0007883359216282159
2019-11-19,195.56761169433594,0.0014761935477289113
2019-11-20,194.3944091796875,-0.0060170272562906964
2019-11-21,193.961669921875,-0.002228570429048078
2019-11-22,194.08665466308594,0.0006441710354839681
2019-11-25,196.38499450683594,0.01177225743137585
2019-11-26,196.7599334716797,0.0019073835211057106
2019-11-27,198.13514709472656,0.006964985132190444
2019-11-29,197.23121643066406,-0.004572630969525018
2019-12-02,195.21177673339844,-0.01029172418548662
2019-12-03,193.6827850341797,-0.007863311693553861
2019-12-04,194.66363525390625,0.005051429621467795
2019-12-05,195.0482940673828,0.00197406807157598
2019-12-06,197.13504028320312,0.010641787787831003
2019-12-09,196.24075317382812,-0.004546739605590058
2019-12-10,196.07723999023438,-0.0008335747832673683
2019-12-11,197.1157684326172,0.005282549969988691
2019-12-12,198.5871124267578,0.007436644240918407
2019-12-13,199.24102783203125,0.003287429560733462
2019-12-16,201.24122619628906,0.009989031852903698
2019-12-17,201.35662841796875,0.0005732878281278197
2019-12-18,201.51048278808594,0.0007637971594965051
2019-12-19,202.77020263671875,0.00623192732680883
2019-12-20,203.5876007080078,0.004023051443936969
2019-12-23,204.12533569335938,0.002637813270763999
2019-12-24,204.23138427734375,0.0005193919001798749
2019-12-26,206.03347778320312,0.008785081358934441
2019-12-27,205.86004638671875,-0.0008421176666136406
2019-12-30,204.51083374023438,-0.006575600625270365
2019-12-31,204.89634704589844,0.0018832762965535791
2020-01-02,208.3175506591797,0.016559374261604923
2020-01-03,206.4093780517578,-0.009202132490173638
2020-01-06,207.73928833007812,0.006422403149086495
2020-01-07,207.7104034423828,-0.00013905360053879378
2020-01-08,209.2716064453125,0.007488142226376651
2020-01-09,211.0448760986328,0.008437833146756151
2020-01-10,210.5052032470703,-0.0025604224638302864
2020-01-13,212.93377685546875,0.011470839255717782
2020-01-14,212.09532165527344,-0.003945406518119688
2020-01-15,212.18209838867188,0.00040905657717760354
2020-01-16,214.2154998779297,0.009537656458909076
2020-01-17,215.27560424804688,0.004936570340122829
2020-01-21,215.17922973632812,-0.00044777990962257706
2020-01-22,215.747802734375,0.002638838063713526
2020-01-23,216.4417266845703,0.003211204803738237
2020-01-24,214.62026977539062,-0.00845107091286505
2020-01-27,210.18719482421875,-0.020871741911321427
2020-01-28,213.41563415527344,0.01524306081472557
2020-01-29,213.7625274658203,0.0016241157342032518
2020-01-30,214.52389526367188,0.0035554178674936086
2020-01-31,211.12196350097656,-0.015985139439885644
2020-02-03,214.3118896484375,0.014996389713462125
2020-02-04,219.21719360351562,0.02263060770222052
2020-02-05,219.94000244140625,0.0032918030131104037
2020-02-06,221.8385009765625,0.008594851073674808
2020-02-07,220.88446044921875,-0.00430988264558529
2020-02-10,223.55393981933594,0.012012964997787338
2020-02-11,223.59251403808594,0.00017253505428894896
2020-02-12,225.77052307128906,0.009693837316483626
2020-02-13,225.48141479492188,-0.0012813609944421188
2020-02-14,226.12704467773438,0.002859248134624582
2020-02-18,226.21380615234375,0.0003836110557520112
2020-02-19,228.3821563720703,0.009539753288737945
2020-02-20,226.26199340820312,-0.009326759550339694
2020-02-21,221.91561889648438,-0.019396376157137928
2020-02-24,213.35780334472656,-0.039326630270853966
2020-02-25,207.55621337890625,-0.027568373454109067
2020-02-26,208.62596130371094,0.005140778946268129
2020-02-27,198.17922973632812,-0.05137116784227905
2020-02-28,198.33346557617188,0.00077796171192518
2020-03-02,208.568115234375,0.05031589601038932
2020-03-03,201.87986755371094,-0.03259287425089475
2020-03-04,210.30282592773438,0.0408757148131242
2020-03-05,203.913330078125,-0.03085346920994349
2020-03-06,200.47286987304688,-0.017016125773386893
2020-03-09,186.54713439941406,-0.07199498672037109
2020-03-10,196.7047576904297,0.05301997413233844
2020-03-11,188.13726806640625,-0.04453206695913523
2020-03-12,170.88668823242188,-0.09617115074722417
2020-03-13,185.36175537109375,0.08130865520063728
2020-03-16,163.15765380859375,-0.12759241549474487
2020-03-17,175.53182983398438,0.0731034583877001
2020-03-18,170.1928253173828,-0.03088833220760748
2020-03-19,171.21434020996094,0.005984162279582051
2020-03-20,164.5068817138672,-0.0399638196511194
2020-03-23,164.6256561279297,0.0007217421893152462
2020-03-24,177.3738555908203,0.07458553789355635
2020-03-25,176.0604248046875,-0.007432424669840594
2020-03-26,185.3318634033203,0.05132081540368423
2020-03-27,178.95774841308594,-0.0349983386805994
2020-03-30,185.46702575683594,0.03572737192990711
2020-03-31,183.8831787109375,-0.008576449857696768
2020-04-01,176.07008361816406,-0.043418539513023685
2020-04-02,179.64340209960938,0.020091668317894888
2020-04-03,177.0937957763672,-0.014294274613960972
2020-04-06,189.7550811767578,0.0690546823308487
2020-04-07,189.67779541015625,-0.0004073751772149653
2020-04-08,193.70504760742188,0.021009809955510942
2020-04-09,193.98513793945312,0.0014449186035854133
2020-04-13,196.08087158203125,0.01074563667355463
2020-04-14,204.60867309570312,0.042572058873379885
2020-04-15,202.26187133789062,-0.01153599254466545
2020-04-16,205.95111083984375,0.018075564031637115
2020-04-17,207.9212646484375,0.009520658091550298
2020-04-20,205.45851135253906,-0.011915350369687671
2020-04-21,197.87718200683594,-0.03759757698645418
2020-04-22,203.7491455078125,0.029243012946953542
2020-04-23,203.31454467773438,-0.0021352972799417265
2020-04-24,206.52090454101562,0.01564737891600336
2020-04-27,208.18203735351562,0.00801123661762104
2020-04-28,204.260986328125,-0.019014355613427063
2020-04-29,211.50424194335938,0.034846533829241945
2020-04-30,211.4173583984375,-0.0004108730605101958
2020-05-01,205.45851135253906,-0.028590059369487077
2020-05-04,207.85365295410156,0.01159011817279713
2020-05-05,210.2101287841797,0.01127340319792915
2020-05-06,211.50424194335938,0.00613741105927091
2020-05-07,214.22775268554688,0.012794659224218682
2020-05-08,217.16372680664062,0.013611856481242782
2020-05-11,219.1049041748047,0.008899059162055915
2020-05-12,214.5175018310547,-0.02115930096504205
2020-05-13,211.8325653076172,-0.012595152315774318
2020-05-14,214.23739624023438,0.011288552055671709
2020-05-15,215.6281280517578,0.006470566189741379
2020-05-18,219.64578247070312,0.018460874515368157
2020-05-19,219.09527587890625,-0.002509484217271234
2020-05-20,223.47015380859375,0.019771180244871168
2020-05-21,221.03646850585938,-0.010950161362321166
2020-05-22,221.7994384765625,0.003445839479678706
2020-05-26,221.20065307617188,-0.0027033211796836745
2020-05-27,222.40785217285156,0.005442646218027502
2020-05-28,222.11814880371094,-0.0013034261641363019
2020-05-29,225.37274169921875,0.014546219159601692
2020-06-01,226.04884338378906,0.0029954358074410666
2020-06-02,227.56509399414062,0.006685227822446786
2020-06-03,228.58880615234375,0.004488458288037869
2020-06-04,226.98565673828125,-0.007037953889063893
2020-06-05,231.48611450195312,0.019633061864165368
2020-06-08,233.28244018554688,0.0077300179203096345
2020-06-09,234.97256469726562,0.007218852265160575
2020-06-10,237.7926483154297,0.01193030700875075
2020-06-11,226.01019287109375,-0.05081896891369902
2020-06-12,227.80650329589844,0.007916499420767263
2020-06-15,230.5783233642578,0.012094003518732037
2020-06-16,234.53797912597656,0.01702693027157413
2020-06-17,235.28160095214844,0.0031655660116268755
2020-06-18,235.9190216064453,0.0027055186797220266
2020-06-19,235.88037109375,-0.00016384299505161953
2020-06-22,238.70924377441406,0.011921483722608935
2020-06-23,240.74085998535156,0.008474827118277878
2020-06-24,235.7778778076172,-0.020830919110687383
2020-06-25,238.0222930908203,0.00947417164132703
2020-06-26,232.4014129638672,-0.023898232895463944
2020-06-29,234.9361572265625,0.010847701020255443
2020-06-30,239.5412139892578,0.0194116796502878
2020-07-01,242.3372039794922,0.01160467563414575
2020-07-02,243.98182678222656,0.006763580975778971
2020-07-06,249.98004150390625,0.024287338572281044
2020-07-07,248.25791931152344,-0.006912877724555678
2020-07-08,251.5279541015625,0.01308592990592614
2020-07-09,253.64671325683594,0.008388273267468542
2020-07-10,255.37841796875,0.006804031024906559
2020-07-13,250.1251678466797,-0.02078497320984954
2020-07-14,251.89561462402344,0.007053310058125656
2020-07-15,252.40834045410156,0.0020334006964645374
2020-07-16,250.686279296875,-0.006845900612630409
2020-07-17,250.9765167236328,0.0011571017880656538
2020-07-20,258.09698486328125,0.027976048722937935
2020-07-21,255.40733337402344,-0.010475768132558492
2020-07-22,256.30718994140625,0.003517029335484568
2020-07-23,249.61244201660156,-0.026467202734921078
2020-07-24,247.24212646484375,-0.009541357509405048
2020-07-27,251.6536865234375,0.017685756956297788
2020-07-28,248.4514617919922,-0.012806380845128357
2020-07-29,251.3150634765625,0.01145988328226036
2020-07-30,252.63084411621094,0.005221924058787563
2020-07-31,257.1392517089844,0.01768846458027186
2020-08-03,260.61224365234375,0.013415872537466221
2020-08-04,261.5797119140625,0.003705416593877199
2020-08-05,262.2279357910156,0.0024750467493310927
2020-08-06,265.70111083984375,0.013157924082266972
2020-08-07,262.6343078613281,-0.011609433382362854
2020-08-10,261.51214599609375,-0.004281870349366422
2020-08-11,256.5586853027344,-0.019123298785089622
2020-08-12,263.0116882324219,0.024841042093581546
2020-08-13,263.6114196777344,0.00227765054579908
2020-08-14,263.3018798828125,-0.0011749175083955452
2020-08-17,266.3589782714844,0.011543735165827736
2020-08-18,268.9227600097656,0.009579259517952571
2020-08-19,267.1136474609375,-0.006749987099970413
2020-08-20,270.8189697265625,0.013776375513780043
2020-08-21,272.69580078125,0.006906301784081826
2020-08-24,274.3985595703125,0.006224755400926687
2020-08-25,276.5559387207031,0.00783146406247855
2020-08-26,282.4573974609375,0.02111462324509866
2020-08-27,281.5770263671875,-0.0031216953132332634
2020-08-28,283.0087585449219,0.005071807633346502
2020-08-31,285.28240966796875,0.008001754669681664
2020-09-01,290.1583251953125,0.01694712219796849
2020-09-02,292.90594482421875,0.009424827103314926
2020-09-03,278.0555419921875,-0.052030664983470816
2020-09-04,274.35009765625,-0.013415865613903866
2020-09-08,261.1637878417969,-0.04925726933412153
2020-09-09,268.8356628417969,0.02895252398539603
2020-09-10,263.4759826660156,-0.02013805766148755
2020-09-11,261.6475524902344,-0.006963837811536388
2020-09-14,266.2042236328125,0.017265393586213283
2020-09-15,269.977294921875,0.014074090356056211
2020-09-16,265.6720886230469,-0.016075063796891387
2020-09-17,261.5216979980469,-0.015745543584868408
2020-09-18,258.1840515136719,-0.012844546650186944
2020-09-21,258.8031921386719,0.002395188386556819
2020-09-22,263.6114196777344,0.018408226749385994
2020-09-23,255.5623016357422,-0.03100990174673516
2020-09-24,256.75225830078125,0.004645422551018531
2020-09-25,262.72149658203125,0.022982878249812686
2020-09-28,268.1778259277344,0.02055576731501418
2020-09-29,266.9685363769531,-0.004519479881931826
2020-09-30,268.7969665527344,0.006825513267639119
2020-10-01,273.0634765625,0.015747959599277377
2020-10-02,265.3818359375,-0.028534603808478564
2020-10-05,271.0413818359375,0.021101830493742438
2020-10-06,266.2042236328125,-0.018007737499410977
2020-10-07,270.8092956542969,0.01715109486528744
2020-10-08,272.2507019042969,0.005308472880959523
2020-10-09,276.4107971191406,0.015164814543231705
2020-10-12,284.9437561035156,0.030403659274111518
2020-10-13,284.93408203125,-3.395138964594693e-05
2020-10-14,282.5541687011719,-0.00838758257827455
2020-10-15,280.657958984375,-0.006733579723395802
2020-10-16,279.1197509765625,-0.0054957953919157415
2020-10-19,274.56292724609375,-0.01646042687217077
2020-10-20,275.1531677246094,0.0021474383258548125
2020-10-21,274.9403381347656,-0.0007737942665972452
2020-10-22,274.93060302734375,-3.540869936618401e-05
2020-10-23,275.472412109375,0.0019687728523943163
2020-10-26,271.34136962890625,-0.015109791352058437
2020-10-27,273.4600524902344,0.007777856136624119
2020-10-28,262.7987365722656,-0.039767071794186475
2020-10-29,267.3941650390625,0.01733536429903429
2020-10-30,260.61224365234375,-0.02569019719787156
2020-11-02,261.1927490234375,0.0022249906333919613
2020-11-03,265.7107849121094,0.01714980573341113
2020-11-04,277.57177734375,0.04367111433191699
2020-11-05,284.8083190917969,0.025736832570334146
2020-11-06,285.0211486816406,0.0007469940105832434
2020-11-09,279.19708251953125,-0.02064546201101353
2020-11-10,274.1954040527344,-0.018076915712910924
2020-11-11,280.3289489746094,0.02212272568523903
2020-11-12,279.0133056640625,-0.004704260140934145
2020-11-13,281.4609069824219,0.00873409274714199
2020-11-16,283.6570739746094,0.007772458574159473
2020-11-17,282.75732421875,-0.00317700438237581
2020-11-18,280.66766357421875,-0.007417740680274307
2020-11-19,282.86376953125,0.007794124499523088
2020-11-20,280.92889404296875,-0.00686381079283193
2020-11-23,280.9385070800781,3.4218169949408635e-05
2020-11-24,284.8857421875,0.01395238590795667
2020-11-25,286.6368408203125,0.006127856236803856
2020-11-27,289.2779846191406,0.009172058776820655
2020-11-30,289.8681335449219,0.0020379973603694267
2020-12-01,293.5831298828125,0.012734727908648418
2020-12-02,293.9603576660156,0.001284084814250243
2020-12-03,294.3764343261719,0.001414416827862732
2020-12-04,295.5760803222656,0.004066929523342447
2020-12-07,297.249755859375,0.005646447511854746
2020-12-08,298.255859375,0.003378992396241065
2020-12-09,291.5030517578125,-0.0229012317480833
2020-12-10,292.6737060546875,0.004007882368645915
2020-12-11,292.0255432128906,-0.0022170820575191123
2020-12-14,294.144287109375,0.007229144231234537
2020-12-15,297.2883605957031,0.010632159439902112
2020-12-16,298.9234313964844,0.005484879439988801
2020-12-17,300.8776550292969,0.006516262114227813
2020-12-18,299.9682922363281,-0.0030269438994638556
2020-12-21,299.4071044921875,-0.0018725757219574264
2020-12-22,300.2213134765625,0.0027157134664802496
2020-12-23,298.7093200683594,-0.0050489874303645274
2020-12-24,300.0274658203125,0.004403096360944535
2020-12-28,303.05133056640625,0.010028175771527896
2020-12-29,303.3227844238281,0.0008953346419145094
2020-12-30,303.3323974609375,3.169193109115939e-05
2020-12-31,304.0787353515625,0.0024574401946322517
2021-01-04,299.78509521484375,-0.014220797067446373
2021-01-05,302.256591796875,0.008210429673576889
2021-01-06,298.0696105957031,-0.01394924651524575
2021-01-07,305.280517578125,0.023904031849560393
2021-01-08,309.2058410644531,0.012776123749436298
2021-01-11,304.73779296875,-0.014555495755777406
2021-01-12,304.253173828125,-0.0015915482144834296
2021-01-13,306.3079528808594,0.006730814394478173
2021-01-14,304.669921875,-0.005362010632936213
2021-01-15,302.256591796875,-0.007952668875032076
2021-01-19,306.6663818359375,0.014484154233512259
2021-01-20,313.7997741699219,0.022994668057530164
2021-01-21,316.3100280761719,0.00796771349204094
2021-01-22,315.39892578125,-0.0028845654984322
2021-01-25,318.0061340332031,0.008232403376899202
2021-01-26,318.4714050292969,0.0014620188472178092
2021-01-27,309.5934753417969,-0.028272623837842927
2021-01-28,311.42529296875,0.005899412491744303
2021-01-29,304.8734130859375,-0.021262828115484862
2021-02-01,312.491455078125,0.02468047366024762
2021-02-02,317.5894775390625,0.01618247259728564
2021-02-03,316.32940673828125,-0.003975500625112561
2021-02-04,320.0706481933594,0.01175765000589082
2021-02-05,321.15606689453125,0.003385447650013518
2021-02-08,323.3077392578125,0.006677428080956148
2021-02-09,323.23992919921875,-0.00020976043113477984
2021-02-10,322.5032958984375,-0.00228150630678671
2021-02-11,324.2769775390625,0.005484663523985847
2021-02-12,326.08941650390625,0.005573607964401994
2021-02-16,325.2074279785156,-0.002708408836963198
2021-02-17,323.64697265625,-0.004809887485291015
2021-02-18,322.23193359375,-0.004381754266447505
2021-02-19,320.82659912109375,-0.004370789402300862
2021-02-22,312.51080322265625,-0.02626174862968987
2021-02-23,311.58038330078125,-0.002981681623728636
2021-02-24,314.14874267578125,0.008209219267930893
2021-02-25,303.19677734375,-0.03548455163737805
2021-02-26,304.46636962890625,0.004178611583807914
2021-03-01,313.6253356933594,0.02963843856939908
2021-03-02,308.5951843261719,-0.01616874014961557
2021-03-03,299.6397705078125,-0.02944934671547351
2021-03-04,294.73553466796875,-0.01650252658736072
2021-03-05,299.174560546875,0.014948755976324375
2021-03-08,290.70361328125,-0.02872298049967559
2021-03-09,302.1694030761719,0.03868356037099978
2021-03-10,301.3067626953125,-0.0028589065064777842
2021-03-11,308.2463684082031,0.022770469715186613
2021-03-12,305.74578857421875,-0.008145360265623321
2021-03-15,309.01190185546875,0.01062579309785397
2021-03-16,310.70806884765625,0.00547399247332257
2021-03-17,311.9874572753906,0.004109200000075453
2021-03-18,302.4310302734375,-0.03110973358190773
2021-03-19,303.49713134765625,0.0035189061735211627
2021-03-22,309.1887512207031,0.018579777229496528
2021-03-23,307.8399353027344,-0.004371978470008461
2021-03-24,302.6480407714844,-0.01700940857378557
2021-03-25,302.1240539550781,-0.001732841022565393
2021-03-26,306.65594482421875,0.014888710518316809
2021-03-29,306.5685729980469,-0.0002849586871489854
2021-03-30,305.0255432128906,-0.005045938207193018
2021-03-31,309.6933898925781,0.015187221829423489
2021-04-01,314.9725341796875,0.01690269877460559
2021-04-05,321.2608642578125,0.019768012395213665
2021-04-06,321.0377502441406,-0.0006947361168414544
2021-04-07,321.8140869140625,0.002415290748047896
2021-04-08,325.17169189453125,0.010379316619775116
2021-04-09,327.1417236328125,0.006040157019170142
2021-04-12,326.7147216796875,-0.001306103249079369
2021-04-13,330.5285949707031,0.011605796524004968
2021-04-14,326.5594787597656,-0.01208107297833227
2021-04-15,331.508544921875,0.015041482924587202
2021-04-16,331.89678955078125,0.0011704599075578034
2021-04-19,328.8593444824219,-0.009193910756607157
2021-04-20,326.46240234375,-0.007315346513353145
2021-04-21,329.2572326660156,0.00852451900919584
2021-04-22,325.28814697265625,-0.01212791188063267
2021-04-23,329.3834228515625,0.01251109559707596
2021-04-26,331.5280456542969,0.006489917129231287
2021-04-27,330.091796875,-0.004341620196495341
2021-04-28,328.9757995605469,-0.0033865976331019644
2021-04-29,330.1597900390625,0.003592559014037534
2021-04-30,327.9956359863281,-0.006576446131290918
2021-05-03,326.2489929199219,-0.005339431579250764
2021-05-04,320.3777770996094,-0.01816001887184366
2021-05-05,319.3006286621094,-0.0033677843300005087
2021-05-06,321.7073059082031,0.007509075706887813
2021-05-07,324.3177185058594,0.008081503676522772
2021-05-10,316.1272888183594,-0.02557870278223966
2021-05-11,315.6905822753906,-0.0013823813237744777
2021-05-12,307.5196228027344,-0.026223664669024052
2021-05-13,309.89715576171875,0.0077015876255887615
2021-05-14,316.7386474609375,0.021836491038593767
2021-05-17,314.8172302246094,-0.006084728944544836
2021-05-18,312.6920166015625,-0.006773515320387819
2021-05-19,313.05108642578125,0.001147659037368781
2021-05-20,319.1064758300781,0.019158434484477554
2021-05-21,317.34033203125,-0.005550026523895524
2021-05-24,322.677734375,0.01667929816879756
2021-05-25,323.1241149902344,0.0013824075814000795
2021-05-26,324.24981689453125,0.0034777521412097403
2021-05-27,323.0367736816406,-0.003748091342040189
2021-05-28,324.0556945800781,0.00314923072210448
2021-06-01,322.9786071777344,-0.00332930849048845
2021-06-02,323.60931396484375,0.0019508777275949933
2021-06-03,320.2419738769531,-0.010460088700964097
2021-06-04,325.6763000488281,0.016827065027121665
2021-06-07,326.646728515625,0.002975302542421356
2021-06-08,326.8020935058594,0.0004755230644731719
2021-06-09,326.8797302246094,0.00023753672290284522
2021-06-10,330.285888671875,0.010366302957683274
2021-06-11,331.14959716796875,0.002611619743720044
2021-06-14,334.3228759765625,0.009536992102729826
2021-06-15,332.139404296875,-0.006552447322260432
2021-06-16,330.9263610839844,-0.0036588966872612093
2021-06-17,335.1282958984375,0.01261755478132213
2021-06-18,332.49847412109375,-0.007878160364960037
2021-06-21,334.56500244140625,0.006195916892408234
2021-06-22,337.68365478515625,0.009278336768049325
2021-06-23,337.848876953125,0.0004891612572325127
2021-06-24,339.9376525878906,0.006163540159929005
2021-06-25,339.5199890136719,-0.0012294029862997856
2021-06-28,343.6490478515625,0.012088103804187088
2021-06-29,344.892578125,0.0036120739213402592
2021-06-30,344.3485107421875,-0.0015787436489339648
2021-07-01,344.4845275878906,0.0003949196391644832
2021-07-02,348.4388122558594,0.011413463413954023
2021-07-06,349.9446716308594,0.004312420735727702
2021-07-07,350.68310546875,0.002107921311293418
2021-07-08,348.5650634765625,-0.006058073696787742
2021-07-09,350.7414245605469,0.006224361271386375
2021-07-12,352.1112365722656,0.0038978688473634447
2021-07-13,352.1112365722656,0.0
2021-07-14,352.74273681640625,0.0017918616818498685
2021-07-15,350.2652587890625,-0.007048250657559188
2021-07-16,347.42840576171875,-0.008132132496718479
2021-07-19,344.5816955566406,-0.00822741245403601
2021-07-20,348.5845947265625,0.011549735535694857
2021-07-21,351.2757568359375,0.007690606754664132
2021-07-22,353.59771728515625,0.006588328071328715
2021-07-23,357.7268371582031,0.011609795350310563
2021-07-26,358.0085754394531,0.0007872694038683782
2021-07-27,354.0640869140625,-0.011079006626252283
2021-07-28,355.4241943359375,0.0038340565276391643
2021-07-29,356.0557861328125,0.0017754314390271704
2021-07-30,354.2001037597656,-0.005225402905847874
2021-08-02,354.2292785644531,8.236475062126909e-05
2021-08-03,356.37640380859375,0.00604310331778588
2021-08-04,356.891357421875,0.0014439281592174761
2021-08-05,359.155029296875,0.006322717237791911
2021-08-06,357.58111572265625,-0.0043918982321725026
2021-08-09,358.2417907714844,0.0018459181186679244
2021-08-10,356.4056091308594,-0.005138717866898545
2021-08-11,355.79345703125,-0.0017190481690941338
2021-08-12,357.0759582519531,0.0035981417546580873
2021-08-13,358.3292236328125,0.0035036555357518795
2021-08-16,358.4847412109375,0.0004339133671844101
2021-08-17,355.3271484375,-0.008847186255405017
2021-08-18,351.90728759765625,-0.009671156609120652
2021-08-19,353.60748291015625,0.004819739216950997
2021-08-20,357.2702941894531,0.010305129269191622
2021-08-23,362.6138000488281,0.014845734312831252
2021-08-24,363.7213439941406,0.0030496797870594285
2021-08-25,364.1390686035156,0.0011478152898744154
2021-08-26,361.82684326171875,-0.006370087418136127
2021-08-27,365.3439025878906,0.009673345006051135
2021-08-30,369.4438171386719,0.011159568919100938
2021-08-31,369.1426086425781,-0.0008156351166992071
2021-09-01,369.7546081542969,0.0016565217401113604
2021-09-02,369.57977294921875,-0.0004729530042310449
2021-09-03,370.716552734375,0.0030711504007856424
2021-09-07,371.2411804199219,0.0014141715883175083
2021-09-08,369.9490661621094,-0.0034865962489942846
2021-09-09,368.67626953125,-0.003446396513013237
2021-09-10,365.8782653808594,-0.0076182708021019984
2021-09-13,365.6255798339844,-0.0006908659703661872
2021-09-14,364.58599853515625,-0.0028473446107381796
2021-09-15,367.296630859375,0.007407320817151073
2021-09-16,367.54925537109375,0.0006875578305723952
2021-09-17,363.19671630859375,-0.011912732206874803
2021-09-20,355.6919250488281,-0.020879628566630407
2021-09-21,356.12957763671875,0.001229669633150566
2021-09-22,359.45599365234375,0.00929711304787492
2021-09-23,362.7726745605469,0.009184637413995046
2021-09-24,363.1130676269531,0.0009378696165908683
2021-09-27,360.21466064453125,-0.008014133516407446
2021-09-28,350.0213928222656,-0.028705858349378697
2021-09-29,349.4475402832031,-0.0016408238898144721
2021-09-30,348.1637268066406,-0.003680602611877498
2021-10-01,350.3229064941406,0.006182470678956519
2021-10-04,342.96990966796875,-0.021212602739993747
2021-10-05,347.5995788574219,0.013408465415902853
2021-10-06,349.826904296875,0.006387291178891317
2021-10-07,353.0366516113281,0.009133407473761764
2021-10-08,351.27618408203125,-0.004999117171868422
2021-10-11,348.5820007324219,-0.007699264556800798
2021-10-12,347.36614990234375,-0.0034940880752696237
2021-10-13,350.1478576660156,0.007976105083927735
2021-10-14,356.596435546875,0.018249193966215643
2021-10-15,358.8431091308594,0.006280561329830254
2021-10-18,362.4516296386719,0.010005758865141056
2021-10-19,365.1944274902344,0.00753885990343649
2021-10-20,364.7179260253906,-0.001305640410768709
2021-10-21,366.94525146484375,0.006088408951866925
2021-10-22,363.8619079589844,-0.008438236439168365
2021-10-25,367.5871887207031,0.01018611681631924
2021-10-26,368.7445983886719,0.003143720375656799
2021-10-27,369.60052490234375,0.0023185008476044283
2021-10-28,373.7050476074219,0.01104408355448346
2021-10-29,375.5432434082031,0.004906783267804387
2021-11-01,376.82720947265625,0.003413125292180028
2021-11-02,378.40289306640625,0.004172730601513063
2021-11-03,382.41986083984375,0.010559634498411035
2021-11-04,387.3218078613281,0.012736775177972342
2021-11-05,387.69146728515625,0.0009539435354602225
2021-11-08,387.166259765625,-0.001355623314132938
2021-11-09,384.501220703125,-0.006907248849318022
2021-11-10,378.85028076171875,-0.014805874254711556
2021-11-11,379.9006652832031,0.002768721931654961
2021-11-12,383.8982849121094,0.010467823060474278
2021-11-15,383.8106994628906,-0.00022817356936383697
2021-11-16,386.5437927246094,0.007095706604724693
2021-11-17,386.7481384277344,0.0005285085739275178
2021-11-18,390.7552490234375,0.010307726344812395
2021-11-19,392.9339599609375,0.005560154524221389
2021-11-22,388.37237548828125,-0.011676946920783377
2021-11-23,386.6021728515625,-0.004568422845006009
2021-11-24,387.84716796875,0.003215177866550628
2021-11-26,380.4940185546875,-0.019140907820938347
2021-11-29,388.7516174316406,0.021470166863867636
2021-11-30,383.0423278808594,-0.014795124346311665
2021-12-01,376.5257263183594,-0.017159124633944586
2021-12-02,379.23931884765625,0.007181078849388512
2021-12-03,372.64483642578125,-0.01754166908254568
2021-12-06,375.6309509277344,0.007981363032807009
2021-12-07,386.94256591796875,0.029669125635410565
2021-12-08,388.67388916015625,0.004464387279045649
2021-12-09,382.9548034667969,-0.014823685211288028
2021-12-10,387.1177062988281,0.010811821825108122
2021-12-13,381.5250549316406,-0.014552274072252269
2021-12-14,377.5761413574219,-0.010404276045429112
2021-12-15,386.18402099609375,0.02254174688242923
2021-12-16,376.25335693359375,-0.026051256087141
2021-12-17,374.3761901855469,-0.005001590114595256
2021-12-20,370.74456787109375,-0.009747818810649555
2021-12-21,379.0419616699219,0.02213358658027454
2021-12-22,383.6581726074219,0.012105064883768939
2021-12-23,386.55059814453125,0.007510792512960253
2021-12-27,392.939208984375,0.016392142228563396
2021-12-28,391.1180725097656,-0.0046454252580742
2021-12-29,391.0596008300781,-0.0001495099688713082
2021-12-30,389.8909912109375,-0.0029927898212757844
2021-12-31,387.4562683105469,-0.00626420388612122
2022-01-03,391.1861877441406,0.009580643682932783
2022-01-04,386.1123352050781,-0.013055279161879842
2022-01-05,374.2505187988281,-0.031202941438167334
2022-01-06,373.98760986328125,-0.0007027413768306214
2022-01-07,369.9362487792969,-0.010891977961637917
2022-01-10,370.1797180175781,0.00065792188788284
2022-01-11,375.7405700683594,0.01491031994217018
2022-01-12,377.23052978515625,0.003957553382222539
2022-01-13,367.7937316894531,-0.02533421609852387
2022-01-14,370.08233642578125,0.006203242452362225
2022-01-18,360.86944580078125,-0.025209264820449162
2022-01-19,356.9058532714844,-0.011044216267987409
2022-01-20,352.2701110839844,-0.013073788312802597
2022-01-21,342.502197265625,-0.028120169305407873
2022-01-24,344.0700378417969,0.004567161971588774
2022-01-25,336.0940246582031,-0.023454278918495084
2022-01-26,335.5682373046875,-0.0015656304982204253
2022-01-27,332.1888732910156,-0.010121622998980243
2022-01-28,342.60931396484375,0.030887069029186007
2022-01-31,353.5654296875,0.031477787622271707
2022-02-01,355.9708251953125,0.006780216532106127
2022-02-02,358.86328125,0.008092707985342467
2022-02-03,344.31353759765625,-0.04138879501752356
2022-02-04,348.6571350097656,0.012536329371927647
2022-02-07,345.852294921875,-0.008077227511527747
2022-02-08,349.7380065917969,0.011172530959743692
2022-02-09,357.1492919921875,0.02096955763358044
2022-02-10,349.0661315917969,-0.02289248616338716
2022-02-11,337.9931640625,-0.03223572244206429
2022-02-14,338.4118957519531,0.0012381094341841912
2022-02-15,346.826171875,0.02455992878098089
2022-02-16,346.7385559082031,-0.000252654045839305
2022-02-17,336.4252014160156,-0.03019521445808837
2022-02-18,332.5881652832031,-0.01147085662855817
2022-02-22,329.2477111816406,-0.01009459470711841
2022-02-23,320.8139343261719,-0.025949077759022735
2022-02-24,331.5948791503906,0.0330526690623651
2022-02-25,336.73681640625,0.01538768473498427
2022-02-28,337.739990234375,0.0029746747641407295
2022-03-01,332.56866455078125,-0.015429991086535418
2022-03-02,338.14898681640625,0.016640239058731653
2022-03-03,333.3185119628906,-0.014388062547420833
2022-03-04,328.4881591796875,-0.014597733054223416
2022-03-07,316.37310791015625,-0.037578553841454365
2022-03-08,314.9026184082031,-0.004658795199362957
2022-03-09,326.23846435546875,0.03536515659526945
2022-03-10,322.6156311035156,-0.011166981683407552
2022-03-11,315.9251403808594,-0.020956330037628455
2022-03-14,309.8578796386719,-0.019391548414225173
2022-03-15,319.57720947265625,0.03088516223549701
2022-03-16,331.42926025390625,0.03641549214057982
2022-03-17,335.4415588378906,0.01203335604024702
2022-03-18,342.30743408203125,0.020261513335932003
2022-03-21,341.35565185546875,-0.0027843622422934955
2022-03-22,348.0643005371094,0.01946233327558286
2022-03-23,343.0621337890625,-0.014475655530976758
2022-03-24,350.6872253417969,0.021983151477910533
2022-03-25,350.3947448730469,-0.0008343688702432708
2022-03-28,355.816162109375,0.01535383746185318
2022-03-29,361.93963623046875,0.017063248273560386
2022-03-30,357.9417724609375,-0.011107120761634205
2022-03-31,353.5052490234375,-0.012471992466142596
2022-04-01,352.83245849609375,-0.001905011508371293
2022-04-04,360.09674072265625,0.020379397139257252
2022-04-05,352.1011047363281,-0.02245435585965888
2022-04-06,344.45654296875,-0.02195042645206629
2022-04-07,345.2755432128906,0.002374836970669195
2022-04-08,340.4489440917969,-0.014077603822071764
2022-04-11,332.394775390625,-0.023941825397045122
2022-04-12,330.9906005859375,-0.004233367067172038
2022-04-13,337.7186584472656,0.020123199459225798
2022-04-14,329.9960632324219,-0.023132452621102653
2022-04-18,330.24957275390625,0.0007679249058986941
2022-04-19,337.6310119628906,0.02210496888603082
2022-04-20,332.7067565917969,-0.014692127403079513
2022-04-21,325.8226623535156,-0.020908238334553943
2022-04-22,317.2908020019531,-0.026534543008917895
2022-04-25,321.3665466308594,0.012763651649460585
2022-04-26,309.2366638183594,-0.03847547541646228
2022-04-27,308.8660888671875,-0.0011990724647708275
2022-04-28,319.83575439453125,0.03489978290556883
2022-04-29,305.44354248046875,-0.046042638641058696
2022-05-02,310.54327392578125,0.016558302314916094
2022-05-03,310.8747253417969,0.001066758439048175
2022-05-04,321.3861083984375,0.033253211588640016
2022-05-05,305.1997375488281,-0.05167679073318967
2022-05-06,301.5432434082031,-0.012053006039455503
2022-05-09,289.74481201171875,-0.039912856429308086
2022-05-10,293.26483154296875,0.012075485691838002
2022-05-11,284.5671081542969,-0.03010695591598688
2022-05-12,283.89434814453125,-0.0023669514138685084
2022-05-13,294.41546630859375,0.03638976511901407
2022-05-16,291.0026550292969,-0.011659529548521778
2022-05-17,298.5400085449219,0.02557156488557405
2022-05-18,283.8846435546875,-0.050335984848185744
2022-05-19,282.3634338378906,-0.005372957320785584
2022-05-20,281.48590087890625,-0.003112653020797312
2022-05-23,286.1662902832031,0.016490715771234503
2022-05-24,280.081787109375,-0.021491419072451924
2022-05-25,284.0015563964844,0.013898061079024982
2022-05-26,291.8703918457031,0.027330121774087706
2022-05-27,301.39697265625,0.03211840167980135
2022-05-31,300.5973815917969,-0.0026564751945845435
2022-06-01,298.3742370605469,-0.007423239000908621
2022-06-02,306.5454406738281,0.027017473398027618
2022-06-03,298.56927490234375,-0.02636401844013503
2022-06-06,299.5638427734375,0.003325576726376904
2022-06-07,302.1478576660156,0.008588933124796657
2022-06-08,299.973388671875,-0.007222726188315444
2022-06-09,291.93878173828125,-0.02714963758755906
2022-06-10,281.6418762207031,-0.03590780730905424
2022-06-13,268.54656982421875,-0.04761197807835922
2022-06-14,269.03411865234375,0.0018138633780924783
2022-06-15,275.75238037109375,0.02466508375069386
2022-06-16,264.62677001953125,-0.04118287223155524
2022-06-17,267.8445129394531,0.0120862183279075
2022-06-21,274.60211181640625,0.024916547278080393
2022-06-22,274.20166015625,-0.0014593621679685864
2022-06-23,278.2851867675781,0.014782617891393108
2022-06-24,287.8202819824219,0.03368982491318432
2022-06-27,285.7100524902344,-0.007358770366675737
2022-06-28,277.0054626464844,-0.030940267354509055
2022-06-29,277.25946044921875,0.000916521359842883
2022-06-30,273.8205261230469,-0.012480870475045355
2022-07-01,275.62786865234375,0.0065787763327908805
2022-07-05,280.34661865234375,0.01697510737586555
2022-07-06,282.14422607421875,0.0063916188449898385
2022-07-07,288.1817626953125,0.021173021356250352
2022-07-08,288.5433044433594,0.0012537752076604498
2022-07-11,282.378662109375,-0.02159623307909817
2022-07-12,279.6431579589844,-0.009734589137110623
2022-07-13,279.0667724609375,-0.0020632735204512516
2022-07-14,280.063232421875,0.0035643267475885046
2022-07-15,285.1434326171875,0.017976918259007962
2022-07-18,282.73040771484375,-0.008498505316698877
2022-07-19,291.4252624511719,0.03028976269036378
2022-07-20,296.0462341308594,0.01573205513043932
2022-07-21,300.2960205078125,0.014253084664530513
2022-07-22,295.0301818847656,-0.01769106059910393
2022-07-25,293.3498840332031,-0.005711622527240635
2022-07-26,287.5858459472656,-0.019844629786804378
2022-07-27,299.7391052246094,0.041391036774515416
2022-07-28,302.6699523925781,0.009730498756263374
2022-07-29,308.18975830078125,0.018072745845170768
2022-08-01,308.0041198730469,-0.0006025325467393421
2022-08-02,307.0857849121094,-0.0029860208601718455
2022-08-03,315.44854736328125,0.026868447604467462
2022-08-04,316.9237365722656,0.004665580457611847
2022-08-05,314.3348693847656,-0.00820228564783722
2022-08-08,313.3187561035156,-0.003237818209553146
2022-08-09,309.7724304199219,-0.011383129960218978
2022-08-10,318.41839599609375,0.027528296191276204
2022-08-11,316.6111145019531,-0.005691976022243051
2022-08-12,322.77569580078125,0.01928338909344538
2022-08-15,325.3841552734375,0.008048858782440504
2022-08-16,324.6221008300781,-0.0023447614091269735
2022-08-17,320.91949462890625,-0.011471442988420344
2022-08-18,321.6912536621094,0.002401949878062467
2022-08-19,315.41925048828125,-0.01968953818241819
2022-08-22,307.11517333984375,-0.0266798731306112
2022-08-23,306.8611145019531,-0.0008275852257553412
2022-08-24,307.75018310546875,0.0028931105793482716
2022-08-25,313.1917724609375,0.01752733444419534
2022-08-26,300.3546142578125,-0.04185187037568422
2022-08-29,297.3944396972656,-0.009904486640557727
2022-08-30,294.08258056640625,-0.01119872329574457
2022-08-31,292.3729248046875,-0.005830487016696951
2022-09-01,292.4998779296875,0.0004341221763100163
2022-09-02,288.3674621582031,-0.014228672211738782
2022-09-06,286.29620361328125,-0.0072086252796978514
2022-09-07,292.0798034667969,0.020000112626603683
2022-09-08,293.5940856933594,0.005171087968688538
2022-09-09,300.01275634765625,0.02162684246977836
2022-09-12,303.57855224609375,0.011815403339246444
2022-09-13,286.9312438964844,-0.056397779496684584
2022-09-14,289.2075500488281,0.00790197785974837
2022-09-15,284.39117431640625,-0.01679393180853795
2022-09-16,282.6522521972656,-0.006133313566448614
2022-09-19,284.8533630371094,0.007757180962403652
2022-09-20,282.5827331542969,-0.0080031637664443
2022-09-21,277.5228271484375,-0.01806817863664886
2022-09-22,274.1070556640625,-0.012384445616081579
2022-09-23,269.6441955566406,-0.0164154484722951
2022-09-26,268.5284118652344,-0.0041465703558838055
2022-09-27,268.6361083984375,0.0004009815636866358
2022-09-28,273.9798583984375,0.019696887274244287
2022-09-29,266.0816955566406,-0.02925120641046025
2022-09-30,261.5698547363281,-0.01710200902617468
2022-10-03,267.7063293457031,0.02318921492018182
2022-10-04,276.1232604980469,0.030956768355342074
2022-10-05,275.97637939453125,-0.0005320818793126133
2022-10-06,273.8036804199219,-0.007903925385756422
2022-10-07,263.3706359863281,-0.03884905236015305
2022-10-10,260.7379150390625,-0.01004655652413305
2022-10-11,257.1558532714844,-0.013833411828863329
2022-10-12,257.0677490234375,-0.0003426690199197115
2022-10-13,263.09661865234375,0.023181670983025576
2022-10-14,255.18861389160156,-0.030518401952064098
2022-10-17,263.6153259277344,0.03248800772392961
2022-10-18,265.70001220703125,0.007876956921673794
2022-10-19,264.73101806640625,-0.0036536143748688073
2022-10-20,263.38043212890625,-0.00511478734799141
2022-10-21,269.5561218261719,0.02317711593636728
2022-10-24,272.5216064453125,0.010941287745420766
2022-10-25,278.1589660644531,0.020474869971789354
2022-10-26,272.0126037597656,-0.022344368064859458
2022-10-27,267.0603942871094,-0.018373573920835114
2022-10-28,275.23260498046875,0.030141747787555035
2022-10-31,272.0322570800781,-0.011695924970587728
2022-11-01,269.252685546875,-0.01027036130795921
2022-11-02,260.0234680175781,-0.03487840161444415
2022-11-03,254.9440155029297,-0.01972791454115322
2022-11-04,259.04473876953125,0.015956809337081865
2022-11-07,261.892822265625,0.010934561400727426
2022-11-08,263.8013000488281,0.007260823686985501
2022-11-09,257.7137451171875,-0.02334671452743041
2022-11-10,276.7300109863281,0.07119288738404808
2022-11-11,281.8291015625,0.018258523115518704
2022-11-14,279.36273193359375,-0.008789812542338455
2022-11-15,283.22869873046875,0.013743642148683295
2022-11-16,279.36273193359375,-0.013743642148683252
2022-11-17,278.7462158203125,-0.002209304712034133
2022-11-18,278.7559814453125,3.503349421360298e-05
2022-11-21,275.888427734375,-0.010340243995936086
2022-11-22,279.8619689941406,0.01429997709462157
2022-11-23,282.67083740234375,0.009986588233493698
2022-11-25,280.811279296875,-0.006600262194971236
2022-11-28,276.69085693359375,-0.014781996781010802
2022-11-29,274.5964660644531,-0.007598219142854726
2022-11-30,287.1141357421875,0.044577198359319746
2022-12-01,287.4665222167969,0.0012265867773621883
2022-12-02,286.32135009765625,-0.003991627201988936
2022-12-05,281.5159912109375,-0.016925528681987573
2022-12-06,275.6827697753906,-0.020938433313927304
2022-12-07,274.5573425292969,-0.004090682559503214
2022-12-08,277.806640625,0.011765197135692327
2022-12-09,276.0351257324219,-0.006397209606362384
2022-12-12,279.4997253417969,0.012473185151906919
2022-12-13,282.50445556640625,0.010693012460865702
2022-12-14,280.4100036621094,-0.007441491456162224
2022-12-15,270.9947814941406,-0.03415326670733375
2022-12-16,268.4109802246094,-0.009580250026613415
2022-12-19,264.63885498046875,-0.014153229068736273
2022-12-20,264.432861328125,-0.0007786984501460721
2022-12-21,268.268798828125,0.014402071894130708
2022-12-22,261.7055358886719,-0.024769495683656675
2022-12-23,262.29412841796875,0.00224653875541981
2022-12-27,258.5857849121094,-0.014239006212683442
2022-12-28,255.17166137695312,-0.013290994879267907
2022-12-29,261.3915710449219,0.02408305469791222
2022-12-30,261.2346496582031,-0.0006005109778966009
2023-01-03,259.4687805175781,-0.006782655185651009
2023-01-04,260.7048645019531,0.0047525910735417495
2023-01-05,256.6236572265625,-0.01577833726029396
2023-01-06,263.70684814453125,0.027227419583022005
2023-01-09,265.4139709472656,0.006452699135884353
2023-01-10,267.6605224609375,0.008428708713725192
2023-01-11,272.2910461425781,0.017152046489089696
2023-01-12,273.76263427734375,0.005389915864125911
2023-01-13,275.6462707519531,0.0068569833426323
2023-01-17,276.2054748535156,0.002026646821060228
2023-01-18,272.61480712890625,-0.01308522689898915
2023-01-19,269.9365539550781,-0.009872889908287741
2023-01-20,277.3238220214844,0.02699890993595357
2023-01-23,283.4848327636719,0.0219727658154763
2023-01-24,282.90606689453125,-0.00204369833955422
2023-01-25,282.2782287597656,-0.0022217120958386203
2023-01-26,287.78192138671875,0.019309764545346466
2023-01-27,290.6466064453125,0.009905142441438508
2023-01-30,284.77008056640625,-0.020425998507997336
2023-01-31,289.0376281738281,0.014874761102248984
2023-02-01,295.2182312011719,0.02115796870037606
2023-02-02,305.8136291503906,0.03526101170804015
2023-02-03,300.37860107421875,-0.01793217875916285
2023-02-06,297.8376770019531,-0.008495052528811683
2023-02-07,304.008544921875,0.020507179255888294
2023-02-08,298.6029052734375,-0.017941194599250997
2023-02-09,295.9638977050781,-0.008877135034700334
2023-02-10,294.0213928222656,-0.006584950279838218
2023-02-13,298.7304382324219,0.015889092988925803
2023-02-14,300.93780517578125,0.007361993693554668
2023-02-15,303.2433166503906,0.0076318924303908405
2023-02-16,297.5531921386719,-0.018942502397747668
2023-02-17,295.4537658691406,-0.0070806421829898315
2023-02-21,288.4588623046875,-0.02395987980904176
2023-02-22,288.6746520996094,0.0007477985581912699
2023-02-23,291.1959228515625,0.00869603235362956
2023-02-24,286.32012939453125,-0.016885796647504513
2023-02-27,288.3704833984375,0.007135535740053482
2023-02-28,287.9976806640625,-0.001293627266769456
2023-03-01,285.6824951171875,-0.008071389647451892
2023-03-02,288.04681396484375,0.008241978209129013
2023-03-03,294.00177001953125,0.02046277237974219
2023-03-06,294.3352966308594,0.0011337944384696723
2023-03-07,290.7250061035156,-0.012341758060397315
2023-03-08,292.1770324707031,0.004982069968861351
2023-03-09,287.1147766113281,-0.017477839822189464
2023-03-10,283.0826110839844,-0.01414328731712513
2023-03-13,285.1820983886719,0.007389150944164405
2023-03-14,291.735595703125,0.022719979946474105
2023-03-15,293.2659912109375,0.0052321191370015745
2023-03-16,300.99664306640625,0.02601909505296962
2023-03-17,299.5741271972656,-0.0047372219889108835
2023-03-20,300.63726806640625,0.003542558469809692
2023-03-21,304.93109130859375,0.01418137238131333
2023-03-22,300.78466796875,-0.013691201017539097
2023-03-23,304.3514709472656,0.011788568078119946
2023-03-24,305.4715576171875,0.0036734851818955782
2023-03-27,303.378662109375,-0.006874937984249756
2023-03-28,301.7672424316406,-0.005325735411663844
2023-03-29,307.2696533203125,0.01806971184934675
2023-03-30,310.1780700683594,0.009420840497266398
2023-03-31,315.3365478515625,0.016493922225477693
2023-04-03,314.5702209472656,-0.0024331450948691874
2023-04-04,313.50897216796875,-0.0033793502503680923
2023-04-05,310.4139404296875,-0.009921280540307793
2023-04-06,312.5067443847656,0.0067193524961136975
2023-04-10,312.32989501953125,-0.0005660659404522473
2023-04-11,310.325439453125,-0.006438433527257974
2023-04-12,307.5841064453125,-0.008872984764136168
2023-04-13,313.6072082519531,0.019392706966418774
2023-04-14,313.0177001953125,-0.001881534623367356
2023-04-17,313.282958984375,0.0008470653863613644
2023-04-18,313.30255126953125,6.253666847391474e-05
2023-04-19,313.15521240234375,-0.0004703872422001168
2023-04-20,310.767578125,-0.007653658333742626
2023-04-21,311.091796875,0.0010427398618122366
2023-04-24,310.4433898925781,-0.002086469861900892
2023-04-25,304.5872497558594,-0.01904398495604372
2023-04-26,306.4344482421875,0.006046279926851301
2023-04-27,314.76666259765625,0.026827750138210968
2023-04-28,316.9381103515625,0.0068749086584779
2023-05-01,316.5746154785156,-0.001147553626363212
2023-05-02,313.8135681152344,-0.008759888243505515
2023-05-03,311.7600402832031,-0.006565287219783852
2023-05-04,310.65948486328125,-0.0035363818852710955
2023-05-05,317.26239013671875,0.02103175227895121
2023-05-08,318.0484313964844,0.002474510536305404
2023-05-09,316.0342102050781,-0.006353203302797476
2023-05-10,319.4732360839844,0.010823034313741547
2023-05-11,320.5147399902344,0.0032547637287451098
2023-05-12,319.3650817871094,-0.0035933605063107146
2023-05-15,321.0943908691406,0.005400227050843706
2023-05-16,321.45806884765625,0.0011319792239530189
2023-05-17,325.3489685058594,0.012031243841303411
2023-05-18,331.3917236328125,0.018402775207998805
2023-05-19,330.6449890136719,-0.0022558716806824132
2023-05-22,331.7552795410156,0.0033523282518072286
2023-05-23,327.5499267578125,-0.012757095729526392
2023-05-24,325.8697204589844,-0.005142820572483286
2023-05-25,333.7991027832031,0.024041652337525858
2023-05-26,342.3277893066406,0.025229402972597334
2023-05-30,343.8802795410156,0.004524845899343887
2023-05-31,341.92486572265625,-0.005702550151110207
2023-06-01,345.8748474121094,0.011485974884543013
2023-06-02,348.4688720703125,0.007471909528331278
2023-06-05,348.7145080566406,0.000704652473061859
2023-06-06,348.6555480957031,-0.00016909232209738603
2023-06-07,342.740478515625,-0.017110928242125303
2023-06-08,346.9949951171875,0.01233681817011619
2023-06-09,348.32147216796875,0.0038154674091777528
2023-06-12,354.2070617675781,0.01675583842338721
2023-06-13,356.9288024902344,0.007654666707809953
2023-06-14,359.5227966308594,0.007241258107729441
2023-06-15,363.8067932128906,0.011845351644775116
2023-06-16,361.5174255371094,-0.006312694983086668
2023-06-20,360.9998474121094,-0.0014327082075735556
2023-06-21,356.0802917480469,-0.013721291611524992
2023-06-22,360.2816467285156,0.011729833555862426
2023-06-23,356.7100524902344,-0.00996280371001358
2023-06-26,351.9281311035156,-0.013496292135401695
2023-06-27,357.9792175292969,0.017047951370922135
2023-06-28,358.67779541015625,0.0019495465459912413
2023-06-29,357.9595947265625,-0.0020043635286814175
2023-06-30,363.4793701171875,0.015302425763945146
2023-07-03,364.3353576660156,0.0023522138556069704
2023-07-05,364.32550048828125,-2.7055598292914517e-05
2023-07-06,361.55084228515625,-0.007645025891270711
2023-07-07,360.3504943847656,-0.003325520942119643
2023-07-10,360.46856689453125,0.00032760651643165285
2023-07-11,362.2494812011719,0.004928389199781827
2023-07-12,366.8246765136719,0.012550864195611373
2023-07-13,373.0528564453125,0.016836102653626846
2023-07-14,372.9742126464844,-0.0002108336342679175
2023-07-17,376.4572448730469,0.00929519909958809
2023-07-18,379.5369567871094,0.008147493575067553
2023-07-19,379.4482727050781,-0.0002336911944760765
2023-07-20,370.7012939453125,-0.023321683041688027
2023-07-21,369.5895080566406,-0.0030036486243894
2023-07-24,370.1798400878906,0.0015959897717784746
2023-07-25,372.6888122558594,0.006754846095559059
2023-07-26,371.44903564453125,-0.003332118536722018
2023-07-27,370.56353759765625,-0.0023867478777723837
2023-07-28,377.31329345703125,0.01805093794705321
2023-07-31,377.510009765625,0.0005212248011089335
2023-08-01,376.63433837890625,-0.002322292230704875
2023-08-02,368.3694152832031,-0.022188511511396725
2023-08-03,367.779052734375,-0.001603922852628589
2023-08-04,366.0572204589844,-0.004692696444834559
2023-08-07,369.1565246582031,0.00843107893123903
2023-08-08,366.0178527832031,-0.008538629856705914
2023-08-09,361.99359130859375,-0.011055602206296576
2023-08-10,362.6627197265625,0.0018467474800115103
2023-08-11,360.3504943847656,-0.006396102254974605
2023-08-14,364.3944091796875,0.011159669404895389
2023-08-15,360.52752685546875,-0.010668511486229888
2023-08-16,356.7100524902344,-0.010645037359364807
2023-08-17,352.813720703125,-0.010983059627698874
2023-08-18,352.3709411621094,-0.001255783408654329
2023-08-21,358.04803466796875,0.01598272160060074
2023-08-22,357.5364990234375,-0.0014297003570657295
2023-08-23,363.17431640625,0.01564547739307224
2023-08-24,355.41119384765625,-0.021607517785443044
2023-08-25,358.1661376953125,0.007721538826524188
2023-08-28,360.86212158203125,0.007499000174128852
2023-08-29,368.7433166503906,0.021604832450416
2023-08-30,370.7996520996094,0.005561112296708645
2023-08-31,371.9115295410156,0.002994106725537722
2023-09-01,371.5179443359375,-0.0010588367980555024
2023-09-05,371.99029541015625,0.0012706009497030998
2023-09-06,368.7137756347656,-0.008847099063889181
2023-09-07,366.0768737792969,-0.007177318266963277
2023-09-08,366.5884704589844,0.0013965359952085121
2023-09-11,370.9078674316406,0.011713811013123363
2023-09-12,366.7951354980469,-0.011150217709825504
2023-09-13,368.1922607421875,0.003801771116245031
2023-09-14,371.203125,0.008144170109199293
2023-09-15,364.84698486328125,-0.017271373386095946
2023-09-18,365.227294921875,0.0010418394498314973
2023-09-19,364.44891357421875,-0.002133498759716028
2023-09-20,359.1970520019531,-0.014515257550015322
2023-09-21,352.6148986816406,-0.01849460642511788
2023-09-22,352.6641845703125,0.00013976279723148396
2023-09-25,354.3392639160156,0.004738541187059752
2023-09-26,349.0184020996094,-0.015130177940567159
2023-09-27,349.8362731933594,0.00234060526759667
2023-09-28,352.76275634765625,0.008330498493102259
2023-09-29,353.0188903808594,0.0007258166761203529
2023-10-02,355.9651184082031,0.008311174723771238
2023-10-03,349.7180480957031,-0.017705491089424038
2023-10-04,354.4772644042969,0.013516956691361244
2023-10-05,353.4327697753906,-0.0029509269156461973
2023-10-06,359.3547058105469,0.01661665643069405
2023-10-09,361.1874084472656,0.005087021431899301
2023-10-10,363.18768310546875,0.005522773396625971
2023-10-11,365.77911376953125,0.007109902924850808
2023-10-12,364.50799560546875,-0.003481149896813756
2023-10-13,359.9261779785156,-0.012649537774149686
2023-10-16,363.9956359863281,0.011242929264873174
2023-10-17,362.8033752441406,-0.0032808569995959585
2023-10-18,358.044189453125,-0.013204608506797265
2023-10-19,354.6940612792969,-0.00940079431019367
2023-10-20,349.4027099609375,-0.015030464988250156
2023-10-23,350.45703125,0.003012952523378174
2023-10-24,353.8663024902344,0.009681058979889943
2023-10-25,345.20513916015625,-0.02478031863032965
2023-10-26,338.62310791015625,-0.019251133761681555
2023-10-27,340.2488708496094,0.004789610112906182
2023-10-30,344.0818786621094,0.011202325482231629
2023-10-31,345.7273864746094,0.0047709157208173205
2023-11-01,351.7281188964844,0.0172079235143193
2023-11-02,358.1131591796875,0.01799053589678187
2023-11-03,362.3205871582031,0.011680396248301998
2023-11-06,363.798583984375,0.0040709539869091
2023-11-07,367.2374267578125,0.009408204489066263
2023-11-08,367.4739685058594,0.000643903872308133
2023-11-09,364.6459655761719,-0.00772555660246105
2023-11-10,372.84405517578125,0.02223332404032341
2023-11-13,371.6813049316406,-0.0031234696674260335
2023-11-14,379.6823425292969,0.02129818249795769
2023-11-15,379.96807861328125,0.0007522831278897314
2023-11-16,380.293212890625,0.0008553225076665941
2023-11-17,380.3819580078125,0.00023333249456618512
2023-11-20,385.0130310058594,0.0121012799385611
2023-11-21,382.77630615234375,-0.005826418974059913
2023-11-22,384.3429260253906,0.004084429082907548
2023-11-24,383.8011474609375,-0.0014106172864992883
2023-11-27,383.466064453125,-0.0008734454539760544
2023-11-28,384.4710998535156,0.00261749533925236
2023-11-29,384.09661865234375,-0.0009744911783046443
2023-11-30,383.1310119628906,-0.0025171335357564322
2023-12-01,384.2247619628906,0.002850700490856527
2023-12-04,380.6578063964844,-0.009326873356895894
2023-12-05,381.61358642578125,0.002507717170490345
2023-12-06,379.4064636230469,-0.005800448991713735
2023-12-07,384.70758056640625,0.013875420911869826
2023-12-08,386.4220886230469,0.004446751176381656
2023-12-11,389.7229309082031,0.008505787199454946
2023-12-12,392.8267822265625,0.007932703936344597
2023-12-13,397.822509765625,0.012637193440207488
2023-12-14,397.4775695800781,-0.0008674466811576829
2023-12-15,399.39898681640625,0.0048223804415040376
2023-12-18,401.9146728515625,0.006278925286883709
2023-12-19,403.96832275390625,0.0050966563607667765
2023-12-20,397.9654541015625,-0.014971263084600816
2023-12-21,402.59600830078125,0.011568395577287774
2023-12-22,403.1982116699219,0.0014946830501628594
2023-12-26,405.6665344238281,0.006103196925577432
2023-12-27,406.4923095703125,0.002033531832243317
2023-12-28,406.2947692871094,-0.0004860812683447383
2023-12-29,404.5364074707031,-0.00433719033806095
2024-01-02,397.6907043457031,-0.017067160149362475
2024-01-03,393.4825439453125,-0.010637872536457715
2024-01-04,391.4575500488281,-0.005159625312505574
2024-01-05,391.9218444824219,0.001185363034053281
2024-01-08,400.0220642089844,0.02045726251714778
2024-01-09,400.8123474121094,0.0019736501034150616
2024-01-10,403.5288391113281,0.006754601338266413
2024-01-11,404.36846923828125,0.0020785573130900977
2024-01-12,404.575927734375,0.0005129116448999168
2024-01-16,404.5364074707031,-9.768795254682241e-05
2024-01-17,402.2545166015625,-0.005656724402358238
2024-01-18,407.9642028808594,0.01409441836392178
2024-01-19,416.05450439453125,0.019636839340185213
2024-01-22,416.59783935546875,0.0013050705786960925
2024-01-23,418.3265380859375,0.0041409767098455185
2024-01-24,420.64794921875,0.005533939570922581
2024-01-25,421.1616516113281,0.0012204718402761584
2024-01-26,418.6524658203125,-0.005975591992005592
2024-01-29,422.939697265625,0.010188470662185797
2024-01-30,420.1243896484375,-0.006678775969366379
2024-01-31,411.895751953125,-0.019780545166345816
2024-02-01,416.74603271484375,0.011706713912893673
2024-02-02,423.78924560546875,0.016759267399179288
2024-02-05,423.2361145019531,-0.0013060557763518153
2024-02-06,422.3865051269531,-0.002009429835859401
2024-02-07,426.7330322265625,0.010237816638700627
2024-02-08,427.52325439453125,0.0018500827111088546
2024-02-09,431.73138427734375,0.00979491605281288
2024-02-12,430.0422058105469,-0.003920242276026934
2024-02-13,423.3348693847656,-0.015719837672801638
2024-02-14,427.9480285644531,0.010838240375128006
2024-02-15,429.2223205566406,0.002973254808098077
2024-02-16,425.3302917480469,-0.009108990280649982
2024-02-20,422.1197814941406,-0.007576907984916036
2024-02-21,420.4306335449219,-0.004009612201483271
2024-02-22,432.739013671875,0.028855302531951
2024-02-23,431.4646911621094,-0.0029491274481702793
2024-02-26,431.2374572753906,-0.0005267957020516683
2024-02-27,432.2746887207031,0.0024023563512592643
2024-02-28,429.9730224609375,-0.0053387714385275484
2024-02-29,433.65765380859375,0.008532938455508935
2024-03-01,440.187255859375,0.014944811164724535
2024-03-04,438.6165771484375,-0.00357458701114095
2024-03-05,430.74359130859375,-0.018112633551795983
2024-03-06,433.4502258300781,0.006263973006747837
2024-03-07,440.0291442871094,0.015063991414313192
2024-03-08,433.6773986816406,-0.014540025044569771
2024-03-11,432.0672912597656,-0.0037195937715862465
2024-03-12,438.260986328125,0.014233249200741382
2024-03-13,434.8924560546875,-0.007715819057026448
2024-03-14,433.79595947265625,-0.002524488976178328
2024-03-15,428.6394958496094,-0.011958054453389174
2024-03-18,432.7276306152344,0.009492271845883827
2024-03-19,433.8057556152344,0.0024883647264851037
2024-03-20,438.9492492675781,0.011786934874077832
2024-03-21,441.02642822265625,0.004721000514441634
2024-03-22,441.5308837890625,0.0011431679608273862
2024-03-25,439.92852783203125,-0.0036356925819507726
2024-03-26,438.5041809082031,-0.0032429306375541312
2024-03-27,439.99774169921875,0.003400248062267719
2024-03-28,439.1866455078125,-0.0018451110673001609
2024-04-01,440.11651611328125,0.0021150178748064945
2024-04-02,436.3181457519531,-0.008667831860033288
2024-04-03,437.2973937988281,0.002241829300572705
2024-04-04,430.6108703613281,-0.015408669348861155
2024-04-05,435.6850891113281,0.011714880407471118
2024-04-08,435.813720703125,0.00029519625565146675
2024-04-09,437.4260559082031,0.0036927704863814626
2024-04-10,433.6079406738281,-0.008766913126150216
2024-04-11,440.5318908691406,0.015842076414553565
2024-04-12,433.5090026855469,-0.01607027628878813
2024-04-15,426.3773498535156,-0.016587811485417034
2024-04-16,426.4169616699219,9.289887584726889e-05
2024-04-17,421.2140197753906,-0.012276585813525961
2024-04-18,418.8104248046875,-0.005722694252208399
2024-04-19,410.1455993652344,-0.020906153709322053
2024-04-22,414.2703552246094,0.01000657557520098
2024-04-23,420.45245361328125,0.014812609309505993
2024-04-24,421.8768310546875,0.0033819999494082297
2024-04-25,419.8391418457031,-0.004841759584756738
2024-04-26,426.3179931640625,0.015313888320603325
2024-04-29,428.04901123046875,0.004052170615494581
2024-04-30,419.9776306152344,-0.019036251827386094
2024-05-01,416.94097900390625,-0.007256774798532313
2024-05-02,422.26251220703125,0.01268251285336705
2024-05-03,430.7492980957031,0.019899058439333952
2024-05-06,435.4674987792969,0.010893917925684423
2024-05-07,435.5367736816406,0.00015906903026803132
2024-05-08,435.2795104980469,-0.0005908552601780934
2024-05-09,436.2291259765625,0.0021792459984705374
2024-05-10,437.2578430175781,0.0023554272774409355
2024-05-13,438.2667541503906,0.0023047018499718686
2024-05-14,441.0858154296875,0.006411696592269287
2024-05-15,447.9800720214844,0.015509300003522955
2024-05-16,447.07012939453125,-0.0020332779971567803
2024-05-17,446.8525085449219,-0.00048688968076728934
2024-05-20,449.9682312011719,0.006948401288725099
2024-05-21,450.84857177734375,0.0019545391549518035
2024-05-22,450.7595520019531,-0.00019746888549923572
2024-05-23,448.7318115234375,-0.004508645654006401
2024-05-24,452.9752502441406,0.009412081210854751
2024-05-28,454.6864318847656,0.003770531909908732
2024-05-29,451.4816589355469,-0.007073271158445005
2024-05-30,446.6447448730469,-0.01077122508927299
2024-05-31,445.81390380859375,-0.0018619155200199728
2024-06-03,448.20758056640625,0.005354865670349683
2024-06-04,449.4341125488281,0.0027327891633261246
2024-06-05,458.49462890625,0.01995931339404423
2024-06-06,458.33636474609375,-0.00034524173555206764
2024-06-07,457.9308166503906,-0.0008852180464822234
2024-06-10,459.7804870605469,0.00403105618803605
2024-06-11,462.9358215332031,0.0068392565355204936
2024-06-12,468.999267578125,0.01301277669870802
2024-06-13,471.5413513183594,0.005405593079606274
2024-06-14,473.9845275878906,0.005167879085112223
2024-06-17,479.79071044921875,0.012175309977492395
2024-06-18,479.9391174316406,0.0003092682529883666
2024-06-20,476.23974609375,-0.007737861475833479
2024-06-21,474.9637756347656,-0.0026828563923002877
2024-06-24,469.55645751953125,-0.011449997578344953
2024-06-25,474.9261169433594,0.011370706932723275
2024-06-26,475.9068908691406,0.002062979020629207
2024-06-27,477.1353454589844,0.002577966061454762
2024-06-28,474.65863037109375,-0.0052043209789629915
2024-07-01,477.4425048828125,0.005847871286188659
2024-07-02,482.45550537109375,0.010444955630628923
2024-07-03,486.4778137207031,0.008302597043948605
2024-07-05,491.55023193359375,0.010372838930847382
2024-07-08,492.71923828125,0.002375379776984532
2024-07-09,493.145263671875,0.0008642676885100642
2024-07-10,498.2870178222656,0.010372468892903792
2024-07-11,487.3594970703125,-0.022174214253256445
2024-07-12,490.22265625,0.005857650646959297
2024-07-15,491.540283203125,0.002684207543993776
2024-07-16,491.7284851074219,0.00038280867380451067
2024-07-17,477.29388427734375,-0.029794293857173932
2024-07-18,475.03509521484375,-0.004743724798720169
2024-07-19,470.8245849609375,-0.00890309240220638
2024-07-22,477.83880615234375,0.014787856429470768
2024-07-23,476.154541015625,-0.003530982457366008
2024-07-24,459.0747375488281,-0.03652944382858275
2024-07-25,454.01220703125,-0.011088938295538446
2024-07-26,458.6685485839844,0.010203747420259502
2024-07-29,459.58990478515625,0.0020067476797756166
2024-07-30,453.27911376953125,-0.013826499583819487
2024-07-31,466.69329833984375,0.029164212247899182
2024-08-01,455.3893737792969,-0.024519473638592682
2024-08-02,444.5806884765625,-0.024021254677925208
2024-08-05,431.3249816894531,-0.0302697410454368
2024-08-06,435.44635009765625,0.009509773378389664
2024-08-07,430.73052978515625,-0.010888923538924818
2024-08-08,443.906982421875,0.030132367778867058
2024-08-09,446.2252502441406,0.005208828483612878
2024-08-12,447.18621826171875,0.002151233607473138
2024-08-13,458.2821960449219,0.024510039416800234
2024-08-14,458.4308166503906,0.00032424674835568513
2024-08-15,470.0122375488281,0.02494934201242647
2024-08-16,470.6165466308594,0.0012849046836262354
2024-08-19,476.79852294921875,0.013050381518240988
2024-08-20,475.79791259765625,-0.0021008071880828736
2024-08-21,478.01715087890625,0.004653401630714918
2024-08-22,470.4382019042969,-0.015982007529387447
2024-08-23,475.5403137207031,0.010787055320502946
2024-08-26,470.9236145019531,-0.009755756552655724
2024-08-27,472.33050537109375,0.002983060201455309
2024-08-28,466.9707336425781,-0.011412376941938657
2024-08-29,466.2871398925781,-0.001464962453874484
2024-08-30,471.8450012207031,0.011848920018712131
2024-09-03,457.51934814453125,-0.030831369562750562
2024-09-04,456.33050537109375,-0.0026018353880005616
2024-09-05,456.75653076171875,0.0009331540251490377
2024-09-06,444.521240234375,-0.027152655118193807
2024-09-09,450.2376403808594,0.0127776947427076
2024-09-10,454.3985900878906,0.0091992314932956
2024-09-11,464.2660827636719,0.021483077493670212
2024-09-12,468.8233337402344,0.009768168264567207
2024-09-13,470.9236145019531,0.004469893225201006
2024-09-16,468.8431091308594,-0.004427713213794397
2024-09-17,469.0908508300781,0.000528271105548877
2024-09-18,467.0598449707031,-0.004339064330228903
2024-09-19,478.8691101074219,0.024969906361277223
2024-09-20,477.9576416015625,-0.00190519084030999
2024-09-23,479.224609375,0.002647287937209509
2024-09-24,481.5361633300781,0.004811933378268205
2024-09-25,481.982666015625,0.0009268167967445746
2024-09-26,485.6037902832031,0.007484894294879095
2024-09-27,482.9052734375,-0.005572531904750108
2024-09-30,484.21484375,0.0027081871002834403
2024-10-01,477.4685363769531,-0.014030434925658995
2024-10-02,478.1431884765625,0.0014119797699214689
2024-10-03,477.7860107421875,-0.000747289132477171
2024-10-04,483.4707946777344,0.011827953110282431
2024-10-07,478.2920227050781,-0.010769436979934363
2024-10-08,485.43511962890625,0.014824170496229253
2024-10-09,489.25469970703125,0.007837569562340429
2024-10-10,488.69915771484375,-0.0011361314191440045
2024-10-11,489.46307373046875,0.0015619416623852032
2024-10-14,493.57037353515625,0.008356427173671055
2024-10-15,486.972900390625,-0.013456974069623468
2024-10-16,487.03240966796875,0.00012219497533168562
2024-10-17,487.3697509765625,0.0006924067611841333
2024-10-18,490.5643005371094,0.006533284976746663
2024-10-21,491.5068054199219,0.0019194234846317201
2024-10-22,492.0425109863281,0.001089331486371974
2024-10-23,484.5025329589844,-0.015442457900740617
2024-10-24,488.4313049316406,0.008076177791386563
2024-10-25,491.4075927734375,0.0060750741830435774
2024-10-28,491.4869689941406,0.00016151523055104992
2024-10-29,496.2093811035156,0.009562550463139254
2024-10-30,492.459228515625,-0.007586304525345413
2024-10-31,480.0281677246094,-0.02556688750567641
2024-11-01,483.57989501953125,0.007371759362488547
2024-11-04,482.171142578125,-0.00291742568377011
2024-11-05,488.3221740722656,0.012676262174312055
2024-11-06,501.5865478515625,0.02680078968853865
2024-11-07,509.483642578125,0.015621576814494642
2024-11-08,510.07891845703125,0.0011677085238246292
2024-11-11,509.78131103515625,-0.0005836239549622909
2024-11-12,508.8586120605469,-0.0018116298135332678
2024-11-13,508.2038269042969,-0.001287600881970134
2024-11-14,504.6719970703125,-0.006973893669181057
2024-11-15,492.6477355957031,-0.02411432111740595
2024-11-18,496.0704345703125,0.006923535442618297
2024-11-19,499.4832763671875,0.006856194956516406
2024-11-20,499.195556640625,-0.000576200726426519
2024-11-21,500.99127197265625,0.0035907636655329784
2024-11-22,501.7948913574219,0.0016027735247774006
2024-11-25,502.58856201171875,0.0015804139680537278
2024-11-26,505.2870788574219,0.005354873527114381
2024-11-27,501.3087463378906,-0.007904569310773263
2024-11-29,505.7136535644531,0.008748435627909152
2024-12-02,511.2198486328125,0.010829122780599651
2024-12-03,512.7872924804688,0.0030613948065706
2024-12-04,519.1268920898438,0.01228722206650958
2024-12-05,517.6883544921875,-0.0027749177599003224
2024-12-06,522.3214111328125,0.008909699586388735
2024-12-09,518.2537841796875,-0.007818075406733025
2024-12-10,516.4879150390625,-0.003413162640058578
2024-12-11,525.7343139648438,0.01774408810640919
2024-12-12,522.3412475585938,-0.006474873348918455
2024-12-13,526.3394165039062,0.007625177910777535
2024-12-16,533.9190673828125,0.014297985106143869
2024-12-17,531.5678100585938,-0.004413496197216575
2024-12-18,512.390625,-0.03674349846623128
2024-12-19,510.1086730957031,-0.0044634860818009775
2024-12-20,514.5631713867188,0.008694542309275714
2024-12-23,519.5764770507812,0.009695682677066818
2024-12-24,526.621826171875,0.013468681041473148
2024-12-26,526.2640991210938,-0.000679517231549174
2024-12-27,519.2684326171875,-0.013382215650011887
2024-12-30,512.3621215820312,-0.013389316908962116
2024-12-31,508.009765625,-0.008530972692795248
2025-01-02,507.0160827636719,-0.00195794654953936
2025-01-03,515.3134765625,0.016232683324624464
2025-01-06,521.2359008789062,0.011427316233573657
2025-01-07,511.93487548828125,-0.018005303436207955
2025-01-08,512.0243530273438,0.00017476777746303114
2025-01-10,503.9952087402344,-0.015805426856490376
2025-01-13,502.3755187988281,-0.003218876097193515
2025-01-14,501.89849853515625,-0.0009499803665390631
2025-01-15,513.4453125,0.02274561908933158
2025-01-16,509.84814453125,-0.007030598624764963
2025-01-17,518.4535522460938,0.01673751708730998
2025-01-21,521.4943237304688,0.0058479472297202975
2025-01-22,528.1620483398438,0.012704756477398315
2025-01-23,529.2849731445312,0.002123842053495463
2025-01-24,526.2938232421875,-0.005667332308216868
2025-01-27,510.9709777832031,-0.02954686245293159
2025-01-28,518.5231323242188,0.014671846961327062
2025-01-29,517.54931640625,-0.0018798226049328622
2025-01-30,519.7552490234375,0.004253207815922629
2025-01-31,519.0001220703125,-0.001453907449544059
2025-02-03,514.8463745117188,-0.008035564124899251
2025-02-04,521.1663818359375,0.012200787460537068
2025-02-05,523.5313720703125,0.00452761435655949
2025-02-06,526.2640991210938,0.005206220255765895
2025-02-07,519.6260986328125,-0.012693664466042195
2025-02-10,525.9161987304688,0.012032370191641311
2025-02-11,524.6641845703125,-0.0023834725505549885
2025-02-12,524.97216796875,0.0005868383017242587
2025-02-13,532.5244140625,0.014283496743780443
2025-02-14,534.76025390625,0.004189778381639368
2025-02-18,535.9724731445312,0.002264280759471182
2025-02-19,536.1215209960938,0.000278049971993695
2025-02-20,533.845947265625,-0.004253544577561723
2025-02-21,522.7661743164062,-0.020973030417481504
2025-02-24,516.5953979492188,-0.011874306377812196
2025-02-25,510.0865783691406,-0.012679499458900192
2025-02-26,511.31884765625,0.0024128908141104835
2025-02-27,497.1188049316406,-0.028164321974563523
2025-02-28,504.96905517578125,0.015668108860031067
2025-03-03,493.9190673828125,-0.022125477960971557
2025-03-04,492.42852783203125,-0.003022343629428353
2025-03-05,498.84783935546875,0.012951789171382573
2025-03-06,485.1248779296875,-0.027894780036671618
2025-03-07,488.69219970703125,0.0073265047746218824
2025-03-10,469.7523193359375,-0.03952726717217933
2025-03-11,468.62939453125,-0.0023933231521931345
2025-03-12,473.9158935546875,0.01121761367996255
2025-03-13,465.3899230957031,-0.018154267695391548
2025-03-14,476.63861083984375,0.023882975978325418
2025-03-17,479.72900390625,0.006462794798367076
2025-03-18,471.5508728027344,-0.0171943773628704
2025-03-19,477.8608703613281,0.0132926320226134
2025-03-20,476.24114990234375,-0.003395280547752013
2025-03-21,477.8111877441406,0.0032913063511417415
2025-03-24,488.2964782714844,0.021707109081385168
2025-03-25,491.0829772949219,0.0056903512249962115
2025-03-26,482.04669189453125,-0.018572129534178698
2025-03-27,479.29998779296875,-0.0057142998122445285
2025-03-28,466.68109130859375,-0.02668054429260429
2025-03-31,466.6611633300781,-4.270240293874183e-05
2025-04-01,470.4229431152344,0.00802873502276162
2025-04-02,473.8563232421875,0.007271991199122698
2025-04-03,448.4891052246094,-0.055019770603589924
2025-04-04,420.63397216796875,-0.06412135888560226
2025-04-07,421.6490173339844,0.002410224758303097
2025-04-08,414.0557556152344,-0.01817261533606683
2025-04-09,463.7552490234375,0.11335629234999757
2025-04-10,444.03070068359375,-0.043463226780969415
2025-04-11,452.21112060546875,0.018255446043871172
2025-04-14,455.2762756347656,0.006755282107980926
2025-04-15,455.7837829589844,0.0011141030098419406
2025-04-16,442.04034423828125,-0.030617382417791727
2025-04-17,441.9607238769531,-0.00018013634692358078
2025-04-21,431.02362060546875,-0.025058125331444702
2025-04-22,442.33892822265625,0.025913501374769193
2025-04-23,452.3703308105469,0.022424766162825568
2025-04-24,465.0987243652344,0.027748533186878456
2025-04-25,470.28363037109375,0.011086288049104274
2025-04-28,470.13433837890625,-0.00031750136301641416
2025-04-29,473.23931884765625,0.006582739844728741
2025-04-30,473.1795654296875,-0.00012627266644995566
2025-05-01,479.3596496582031,0.012976202655402816
2025-05-02,486.4752502441406,0.014734877211647804
2025-05-05,483.5892028808594,-0.005950235304661263
2025-05-06,479.09100341796875,-0.00934522631768619
2025-05-07,480.97186279296875,0.0039182054581924294
2025-05-08,485.9378662109375,0.010271997341921666
2025-05-09,485.6193542480469,-0.0006556731144482077
2025-05-12,505.4036560058594,0.03993233350339717
2025-05-13,513.1063842773438,0.015125771616454288
2025-05-14,516.181396484375,0.00597504684883188
2025-05-15,516.748779296875,0.0010985890099208446
2025-05-16,518.9978637695312,0.004342930817528998
2025-05-19,519.4954223632812,0.0009582317737936145
2025-05-20,517.7638549804688,-0.0033387389809690655
2025-05-21,510.568603515625,-0.013994246376014959
2025-05-22,511.5240173339844,0.0018695254757626174
2025-05-23,506.78692626953125,-0.009303887511557737
2025-05-27,518.7091674804688,0.02325270366875943
2025-05-28,516.4103393554688,-0.004441674394465516
2025-05-29,517.4254760742188,0.0019638264216592666
2025-05-30,516.6093139648438,-0.0015785973290739417
2025-06-02,520.689697265625,0.007867363803493458
2025-06-03,524.7598876953125,0.007786527543477289
2025-06-04,526.2228393554688,0.002783970787311622
2025-06-05,522.2620239257812,-0.00755534850286549
2025-06-06,527.3673095703125,0.009727864383262164
2025-06-09,528.1435546875,0.001470842761388233
2025-06-10,531.63671875,0.0065922659640483645
2025-06-11,529.8453369140625,-0.0033752497784456676
2025-06-12,531.0892333984375,0.002344908138834619
2025-06-13,524.421630859375,-0.012634055137613068
2025-06-16,531.7161865234375,0.01381386319273159
2025-06-17,526.5313720703125,-0.009798947132618089
2025-06-18,526.4417724609375,-0.00017018403566432334
2025-06-20,524.2921752929688,-0.004091616477203336
2025-06-23,529.6832275390625,0.010230028608940608
2025-06-24,537.7831420898438,0.015176253311772034
2025-06-25,539.157958984375,0.002553190030548303
2025-06-26,544.1992797851562,0.00930691559477312
2025-06-27,546.0623779296875,0.0034177116013935625
2025-06-30,549.5992431640625,0.006456149328470696
2025-07-01,544.9664306640625,-0.008465166185971965
2025-07-02,548.7623291015625,0.006941234093660584
2025-07-03,554.1622924804688,0.009792158814384408
2025-07-07,549.9878540039062,-0.007561396209012183
2025-07-08,550.2967529296875,0.0005614891491713778
2025-07-09,554.1921997070312,0.007053873957219748
2025-07-10,553.3952026367188,-0.001439159033745371
2025-07-11,552.1497192382812,-0.0022531584211695297
2025-07-14,554.15234375,0.003620397658343131
2025-07-15,554.660400390625,0.0009163976133294774
2025-07-16,555.2283325195312,0.0010234038091116618
2025-07-17,559.7216186523438,0.008060111494224491
2025-07-18,559.1836547851562,-0.0009615897277655336
2025-07-21,562.0828857421875,0.005171361693961275
2025-07-22,559.1737060546875,-0.005189153378117551
2025-07-23,561.7241821289062,0.0045507811241641905
2025-07-24,562.9197998046875,0.0021262161989327615
2025-07-25,564.2747802734375,0.0024041654304375656
2025-07-28,566.0381469726562,0.0031201414887602995
2025-07-29,565.1614379882812,-0.0015500521244295575
2025-07-30,565.918701171875,0.0013390090949705715
2025-07-31,562.9197998046875,-0.005313263889738921
2025-08-01,551.8309326171875,-0.01989544861833063
2025-08-04,562.0131225585938,0.018283481496739536
2025-08-05,558.197265625,-0.006812776837118113
2025-08-06,565.2212524414062,0.01250482920131996
2025-08-07,567.1340942382812,0.003378521807628995
2025-08-08,572.4244384765625,0.00928496798249694
2025-08-11,570.730712890625,-0.002963249254965305
2025-08-12,577.9041137695312,0.01249046950945093
2025-08-13,578.1930541992188,0.000499854932109572
2025-08-14,577.7447509765625,-0.0007756528822317328
2025-08-15,575.2041625976562,-0.004407120664387525
2025-08-18,574.9749755859375,-0.00039852403359355695
2025-08-19,567.1740112304688,-0.013660364372327309
2025-08-20,563.8065185546875,-0.005955014323671972
2025-08-21,561.1961669921875,-0.004640622250255955
2025-08-22,569.85400390625,0.015309676339069789
2025-08-25,568.2100830078125,-0.0028889797344714965
2025-08-26,570.4916381835938,0.004007297409854829
2025-08-27,571.368408203125,0.001535687660874973
2025-08-28,574.9451293945312,0.0062404092446850835
2025-08-29,568.2898559570312,-0.011643010763045355
2025-09-02,563.5275268554688,-0.00841541626630411
2025-09-03,567.9611206054688,0.007836784665512745
2025-09-04,573.1019287109375,0.009010620212264717
2025-09-05,573.9288330078125,0.0014418173735566066
2025-09-08,576.7284545898438,0.004866135445578903
2025-09-09,578.3624877929688,0.002829273840139144
2025-09-10,578.5517578125,0.00032719801305724344
2025-09-11,581.919189453125,0.00580357672931692
2025-09-12,584.4896240234375,0.004407440515910785
2025-09-15,589.4910888671875,0.008520574567771916
2025-09-16,588.9929809570312,-0.0008453367382261795
2025-09-17,587.8173217773438,-0.001998044320441628
2025-09-18,593.1176147460938,0.008976495478499701
2025-09-19,597.1326904296875,0.006746632864797889
2025-09-22,600.667724609375,0.005902560057156402
2025-09-23,596.6779174804688,-0.006664444678056771
2025-09-24,594.583251953125,-0.0035167228478133047
2025-09-25,592.0198364257812,-0.0043206014549962745
2025-09-26,594.4535522460938,0.004102442173319647
2025-09-29,597.20654296875,0.004620437709346346
2025-09-30,598.8424072265625,0.0027354487081807433
2025-10-01,601.7150268554688,0.004785485524438967
2025-10-02,604.188720703125,0.004102644713341661
2025-10-03,601.645263671875,-0.004218592005638049
2025-10-06,606.1636962890625,0.007482066859813396
2025-10-07,602.9718627929688,-0.0052795418778261655
2025-10-08,609.88427734375,0.011398696294134494
2025-10-09,609.1461181640625,-0.0012110596628714585
2025-10-10,588.0000610351562,-0.03533111853495656
2025-10-13,600.4782104492188,0.020999303481887274
2025-10-14,596.4783935546875,-0.006683336337263552
2025-10-15,600.6876220703125,0.007032016956618481
2025-10-16,598.4633178710938,-0.0037098027882145846
2025-10-17,602.393310546875,0.006545338741229069
2025-10-20,609.98388671875,0.01252196984914069
2025-10-21,609.8244018554688,-0.000261491687970832
2025-10-22,603.9493408203125,-0.00968072831209264
2025-10-23,609.0264282226562,0.008371341261387805
2025-10-24,615.52978515625,0.010621673394475997
2025-10-27,626.4918823242188,0.017652480809064255
2025-10-28,631.3095703125,0.0076605278808250495
2025-10-29,634.15234375,0.004492870449753416
2025-10-30,624.45703125,-0.015406693244326393
2025-10-31,627.4693603515625,0.004812319534385667
2025-11-03,630.4716796875,0.004773395478967956
2025-11-04,617.6743774414062,-0.020506815913271245
2025-11-05,621.6941528320312,0.006486834848734487
2025-11-06,610.1136474609375,-0.018803008975921322
2025-11-07,608.1885375976562,-0.0031603184975974147
2025-11-10,621.6442260742188,0.021883016660812563
2025-11-11,619.9884643554688,-0.002667073302762832
2025-11-12,619.4996948242188,-0.0007886635349668952
2025-11-13,606.8519897460938,-0.020627286095403215
2025-11-14,607.310791015625,0.0007557492267729736
2025-11-17,602.1240234375,-0.008577228495181513
2025-11-18,594.792724609375,-0.012250460236548914
2025-11-19,598.3436889648438,0.0059523367141896795
2025-11-20,584.1798095703125,-0.023956491027907773
2025-11-21,588.568603515625,0.00748466488592233
2025-11-24,603.6201782226562,0.025251662702624453
2025-11-25,607.3406982421875,0.006144759584675058
2025-11-26,612.70703125,0.008796979798438426
2025-11-28,617.6743774414062,0.008074525744119885
2025-12-01,615.599609375,-0.003364653833515782
2025-12-02,620.4173583984375,0.007795642855611498
2025-12-03,621.9335327148438,0.002440816165512594
2025-12-04,621.35498046875,-0.0009306806613575622
2025-12-05,623.8884887695312,0.004069102724247343
2025-12-08,622.6915893554688,-0.0019202934538512567
2025-12-09,623.4595947265625,0.0012326040020516603
2025-12-10,626.0130615234375,0.004087276882638432
2025-12-11,623.98828125,-0.003239647790837473
2025-12-12,612.0587158203125,-0.019303369351845893
2025-12-15,608.9865112304688,-0.005032100375403573
2025-12-16,610.1934204101562,0.001979871129127266
2025-12-17,598.8822631835938,-0.018710966371063256
2025-12-18,607.5601806640625,0.014386209953990313
2025-12-19,615.4799194335938,0.012951087159239894
2025-12-22,618.4302368164062,0.004782071028815076
2025-12-23,621.3265380859375,0.0046723786427916355
2025-12-24,623.144287109375,0.0029213225081327495
2025-12-26,623.1043090820312,-6.415738798761732e-05
2025-12-29,620.088134765625,-0.004852314296638911
2025-12-30,618.64990234375,-0.0023220939779831596
2025-12-31,613.536376953125,-0.008299970275916396
2026-01-02,612.347900390625,-0.001938970842216345
2026-01-05,617.2117309570312,0.007911541355641635
2026-01-06,622.6348876953125,0.008748164882668597
2026-01-07,623.2341918945312,0.0009620661677244327
2026-01-08,619.6885986328125,-0.005705266499539128
2026-01-09,625.86083984375,0.009910954224034624
2026-01-12,626.3801879882812,0.0008294699866321966
2026-01-13,625.4513549804688,-0.0014839587378681312
2026-01-14,618.769775390625,-0.01074028346788367
2026-01-15,620.9970092773438,0.003592992343913918
2026-01-16,620.4776611328125,-0.0008366633443358198
2026-01-20,607.2942504882812,-0.02147616707395802
2026-01-21,615.50390625,0.013427856545581478
2026-01-22,619.978271484375,0.007243139361411499
2026-01-23,621.935791015625,0.0031524261001239506
2026-01-26,624.67236328125,0.004390436003521979
2026-01-27,630.335205078125,0.009024455902564647
2026-01-28,632.4225463867188,0.0033060073594277984
2026-01-29,628.6373291015625,-0.006003249689694161
2026-01-30,621.0868530273438,-0.012083575006611
2026-02-02,625.3515014648438,0.006842961889822125
2026-02-03,615.7435913085938,-0.01548326498855792
2026-02-04,604.9871826171875,-0.017623356952960516
2026-02-05,596.2781982421875,-0.014499938316045265
2026-02-06,608.8822631835938,0.020917587180192602
2026-02-09,613.54638671875,0.007630950352336267
2026-02-10,610.699951171875,-0.0046501109914586225
2026-02-11,612.337890625,0.0026784787459514154
2026-02-12,599.8836059570312,-0.020548592694657492
2026-02-13,601.1619873046875,0.002128781517703512
2026-02-17,600.542724609375,-0.0010306404626511953
2026-02-18,605.027099609375,0.007439462389368636
2026-02-19,602.7100219726562,-0.0038370609600061343
2026-02-20,608.0433349609375,0.008809965222619162
2026-02-23,600.652587890625,-0.012229443391437474
2026-02-24,607.1044921875,0.010684210886763053
2026-02-25,615.9033813476562,0.0143891812415329
2026-02-26,608.4727783203125,-0.012137927053256963
2026-02-27,606.5252075195312,-0.003205885921664653
2026-03-02,607.32421875,0.0013164916975326058
2026-03-03,600.8224487304688,-0.01076331700950698
2026-03-04,609.9808959960938,0.01512817415472587
2026-03-05,608.1431274414062,-0.0030173773994566925
2026-03-06,598.9946899414062,-0.01515752803457713
2026-03-09,606.99462890625,0.013267209227262903
2026-03-10,607.004638671875,1.6490562873494887e-05
2026-03-11,606.9247436523438,-0.00013163042399331792
2026-03-12,596.5078735351562,-0.017312361562994344
2026-03-13,592.9722900390625,-0.005944771534227172
2026-03-16,599.6239013671875,0.011154958148102998
2026-03-17,602.5502319335938,0.0048684067726689805
2026-03-18,594.15087890625,-0.014037742391865471
2026-03-19,592.273193359375,-0.0031652882952852507
2026-03-20,581.3269653320312,-0.018654642096117186
2026-03-23,588.0,0.011413586288488877
2026-03-24,583.97998046875,-0.006860245677236822
2026-03-25,587.8200073242188,0.006554088823184412
2026-03-26,573.7899780273438,-0.02415735361822153
2026-03-27,562.5800170898438,-0.019730060860553386
2026-03-30,558.280029296875,-0.007672695448329736
2026-03-31,577.1799926757812,0.0332934824576082
2026-04-01,584.3099975585938,0.012277496156567945
2026-04-02,584.97998046875,0.0011459654937042319
2026-04-06,588.5,0.00599930147498133
2026-04-07,588.5900268554688,0.00015296511497040052
2026-04-08,606.0900268554688,0.029298642387632357
2026-04-09,610.1900024414062,0.006741853876922751
2026-04-10,611.0700073242188,0.0014411428001932915
2026-04-13,617.3900146484375,0.010289407828256481
